 time, temp
2025-05-02 20:18:18,24.0
2025-05-02 21:14:33,21.0
2025-05-02 21:15:38,21.0
2025-05-02 21:16:44,21.0
2025-05-02 21:17:50,21.0
2025-05-02 21:18:56,20.9375
2025-05-02 21:20:01,20.875
2025-05-02 21:21:07,20.875
2025-05-02 21:22:13,20.875
2025-05-02 21:23:19,20.8125
2025-05-02 21:24:24,20.75
2025-05-02 21:25:30,20.8125
2025-05-02 21:26:36,20.75
2025-05-02 21:27:42,20.75
2025-05-02 21:28:47,20.6875
2025-05-02 21:29:53,20.75
2025-05-02 21:30:59,20.75
2025-05-02 21:32:04,20.9375
2025-05-02 21:33:10,20.6875
2025-05-02 21:34:16,20.6875
2025-05-02 21:35:22,20.625
2025-05-02 21:36:28,20.4375
2025-05-02 21:37:33,20.375
2025-05-02 21:38:39,20.25
2025-05-02 21:39:45,20.125
2025-05-02 21:40:51,19.375
2025-05-02 21:41:56,19.0625
2025-05-02 21:43:02,19.125
2025-05-02 21:44:08,19.125
2025-05-02 21:45:13,18.875
2025-05-02 21:46:19,19.1875
2025-05-02 21:47:25,19.0
2025-05-02 21:48:31,18.875
2025-05-02 21:49:37,18.75
2025-05-02 21:50:42,18.6875
2025-05-02 21:51:48,18.75
2025-05-02 21:52:54,18.625
2025-05-02 21:54:00,18.6875
2025-05-02 21:55:05,18.625
2025-05-02 21:56:11,18.6875
2025-05-02 21:57:17,18.6875
2025-05-02 21:58:22,18.625
2025-05-02 21:59:28,18.5625
2025-05-02 22:00:34,18.5
2025-05-02 22:01:40,18.5
2025-05-02 22:02:45,18.625
2025-05-02 22:03:51,18.6875
2025-05-02 22:04:57,18.6875
2025-05-02 22:06:03,18.5625
2025-05-02 22:07:09,18.625
2025-05-02 22:08:14,18.625
2025-05-02 22:09:20,18.625
2025-05-02 22:10:26,18.5625
2025-05-02 22:11:31,18.5
2025-05-02 22:12:37,18.5
2025-05-02 22:13:43,18.4375
2025-05-02 22:14:49,18.4375
2025-05-02 22:15:54,18.4375
2025-05-02 22:17:00,18.4375
2025-05-02 22:18:06,18.5625
2025-05-02 22:19:12,18.4375
2025-05-02 22:20:17,18.4375
2025-05-02 22:21:23,18.375
2025-05-02 22:22:29,18.1875
2025-05-02 22:23:35,18.25
2025-05-02 22:24:40,18.25
2025-05-02 22:25:46,18.375
2025-05-02 22:26:52,18.25
2025-05-02 22:27:57,18.1875
2025-05-02 22:29:03,18.375
2025-05-02 22:30:09,18.3125
2025-05-02 22:31:15,18.1875
2025-05-02 22:32:20,18.1875
2025-05-02 22:33:26,18.3125
2025-05-02 22:34:32,18.3125
2025-05-02 22:35:38,18.25
2025-05-02 22:36:44,18.25
2025-05-02 22:37:49,18.1875
2025-05-02 22:38:55,18.0625
2025-05-02 22:40:01,18.0
2025-05-02 22:41:07,18.0
2025-05-02 22:42:12,17.875
2025-05-02 22:43:18,18.0
2025-05-02 22:44:24,18.0
2025-05-02 22:45:30,18.0
2025-05-02 22:46:36,17.875
2025-05-02 22:47:41,17.9375
2025-05-02 22:48:47,17.875
2025-05-02 22:49:53,17.875
2025-05-02 22:50:59,17.875
2025-05-02 22:52:04,18.5625
2025-05-02 22:53:10,18.9375
2025-05-02 22:54:16,18.6875
2025-05-02 22:55:21,18.25
2025-05-02 22:56:27,18.0
2025-05-02 22:57:33,18.0
2025-05-02 22:58:39,18.0
2025-05-02 22:59:44,17.875
2025-05-02 23:00:50,17.8125
2025-05-02 23:01:56,17.75
2025-05-02 23:03:02,17.8125
2025-05-02 23:04:07,17.875
2025-05-02 23:05:13,17.75
2025-05-02 23:06:19,17.8125
2025-05-02 23:07:25,17.6875
2025-05-02 23:08:31,17.625
2025-05-02 23:09:36,17.625
2025-05-02 23:10:42,17.6875
2025-05-02 23:11:48,17.625
2025-05-02 23:12:54,17.5
2025-05-02 23:13:59,17.4375
2025-05-02 23:15:05,17.3125
2025-05-02 23:16:11,17.1875
2025-05-02 23:17:17,17.375
2025-05-02 23:18:22,17.3125
2025-05-02 23:19:28,17.375
2025-05-02 23:20:34,17.4375
2025-05-02 23:21:40,17.375
2025-05-02 23:22:45,17.375
2025-05-02 23:23:51,17.375
2025-05-02 23:24:57,17.1875
2025-05-02 23:26:03,17.1875
2025-05-02 23:27:08,17.25
2025-05-02 23:28:14,17.25
2025-05-02 23:29:20,17.0
2025-05-02 23:30:25,16.8125
2025-05-02 23:31:31,16.875
2025-05-02 23:32:37,17.0
2025-05-02 23:33:43,17.0
2025-05-02 23:34:48,17.0625
2025-05-02 23:35:54,17.0
2025-05-02 23:37:00,16.9375
2025-05-02 23:38:05,16.75
2025-05-02 23:39:11,16.8125
2025-05-02 23:40:17,16.875
2025-05-02 23:41:23,16.9375
2025-05-02 23:42:28,16.9375
2025-05-02 23:43:34,16.9375
2025-05-02 23:44:40,16.9375
2025-05-02 23:45:45,16.875
2025-05-02 23:46:51,16.875
2025-05-02 23:47:57,16.5625
2025-05-02 23:49:03,16.6875
2025-05-02 23:50:08,16.4375
2025-05-02 23:51:14,16.5625
2025-05-02 23:52:20,16.6875
2025-05-02 23:53:25,16.6875
2025-05-02 23:54:31,16.625
2025-05-02 23:55:37,16.5625
2025-05-02 23:56:43,16.625
2025-05-02 23:57:49,16.6875
2025-05-02 23:58:54,16.6875
2025-05-03 00:00:00,16.6875
2025-05-03 00:01:06,16.375
2025-05-03 00:02:12,16.375
2025-05-03 00:03:17,16.375
2025-05-03 00:04:23,16.625
2025-05-03 00:05:29,16.3125
2025-05-03 00:06:35,16.3125
2025-05-03 00:07:40,16.3125
2025-05-03 00:08:46,16.25
2025-05-03 00:09:52,16.25
2025-05-03 00:10:58,16.1875
2025-05-03 00:12:03,16.25
2025-05-03 00:13:09,16.3125
2025-05-03 00:14:15,16.1875
2025-05-03 00:15:21,16.1875
2025-05-03 00:16:26,16.25
2025-05-03 00:17:32,16.25
2025-05-03 00:18:38,16.1875
2025-05-03 00:19:44,16.25
2025-05-03 00:20:49,16.125
2025-05-03 00:21:55,16.125
2025-05-03 00:23:01,16.0
2025-05-03 00:24:07,16.0
2025-05-03 00:25:12,16.0625
2025-05-03 00:26:18,16.1875
2025-05-03 00:27:24,16.1875
2025-05-03 00:28:29,16.25
2025-05-03 00:29:35,16.3125
2025-05-03 00:30:41,16.625
2025-05-03 00:31:47,16.375
2025-05-03 00:32:52,16.375
2025-05-03 00:33:58,16.3125
2025-05-03 00:35:04,16.3125
2025-05-03 00:36:09,16.3125
2025-05-03 00:37:15,16.25
2025-05-03 00:38:21,16.1875
2025-05-03 00:39:26,16.1875
2025-05-03 00:40:32,16.25
2025-05-03 00:41:38,16.3125
2025-05-03 00:42:43,16.3125
2025-05-03 00:43:49,16.25
2025-05-03 00:44:55,16.25
2025-05-03 00:46:01,16.25
2025-05-03 00:47:06,16.125
2025-05-03 00:48:12,15.9375
2025-05-03 00:49:18,16.0
2025-05-03 00:50:24,16.0
2025-05-03 00:51:29,16.0625
2025-05-03 00:52:35,16.0625
2025-05-03 00:53:41,16.0625
2025-05-03 00:54:47,16.0
2025-05-03 00:55:52,16.0
2025-05-03 00:56:58,16.0
2025-05-03 00:58:04,16.0
2025-05-03 00:59:10,15.9375
2025-05-03 01:00:15,15.9375
2025-05-03 01:01:21,15.875
2025-05-03 01:02:27,15.8125
2025-05-03 01:03:33,15.8125
2025-05-03 01:04:38,15.6875
2025-05-03 01:05:44,15.75
2025-05-03 01:06:50,15.8125
2025-05-03 01:07:56,15.8125
2025-05-03 01:09:01,15.8125
2025-05-03 01:10:07,15.75
2025-05-03 01:11:13,15.6875
2025-05-03 01:12:19,15.6875
2025-05-03 01:13:24,15.6875
2025-05-03 01:14:30,15.6875
2025-05-03 01:15:36,15.625
2025-05-03 01:16:42,15.6875
2025-05-03 01:17:47,15.6875
2025-05-03 01:18:53,15.6875
2025-05-03 01:19:59,15.6875
2025-05-03 01:21:04,15.6875
2025-05-03 01:22:10,15.6875
2025-05-03 01:23:16,15.6875
2025-05-03 01:24:22,15.625
2025-05-03 01:25:27,15.5625
2025-05-03 01:26:33,15.4375
2025-05-03 01:27:39,15.4375
2025-05-03 01:28:44,15.4375
2025-05-03 01:29:50,15.5
2025-05-03 01:30:56,15.5
2025-05-03 01:32:02,15.5625
2025-05-03 01:33:07,15.4375
2025-05-03 01:34:13,15.4375
2025-05-03 01:35:19,15.375
2025-05-03 01:36:25,15.375
2025-05-03 01:37:31,15.3125
2025-05-03 01:38:36,15.375
2025-05-03 01:39:42,15.375
2025-05-03 01:40:48,15.375
2025-05-03 01:41:53,15.125
2025-05-03 01:42:59,15.125
2025-05-03 01:44:05,15.1875
2025-05-03 01:45:11,15.1875
2025-05-03 01:46:16,14.9375
2025-05-03 01:47:22,14.75
2025-05-03 01:48:28,14.75
2025-05-03 01:49:34,14.9375
2025-05-03 01:50:39,14.8125
2025-05-03 01:51:45,14.625
2025-05-03 01:52:51,14.8125
2025-05-03 01:53:57,14.8125
2025-05-03 01:55:02,14.75
2025-05-03 01:56:08,14.6875
2025-05-03 01:57:14,14.6875
2025-05-03 01:58:20,14.625
2025-05-03 01:59:25,14.6875
2025-05-03 02:00:31,14.6875
2025-05-03 02:01:37,14.625
2025-05-03 02:02:43,14.6875
2025-05-03 02:03:48,14.5625
2025-05-03 02:04:54,14.75
2025-05-03 02:06:00,14.8125
2025-05-03 02:07:06,14.875
2025-05-03 02:08:12,14.875
2025-05-03 02:09:17,14.875
2025-05-03 02:10:23,14.6875
2025-05-03 02:11:29,14.5
2025-05-03 02:12:35,14.5
2025-05-03 02:13:40,14.5
2025-05-03 02:14:46,14.6875
2025-05-03 02:15:52,14.6875
2025-05-03 02:16:57,14.6875
2025-05-03 02:18:03,14.75
2025-05-03 02:19:09,14.75
2025-05-03 02:20:15,14.8125
2025-05-03 02:21:20,14.8125
2025-05-03 02:22:26,14.6875
2025-05-03 02:23:32,14.4375
2025-05-03 02:24:37,14.3125
2025-05-03 02:25:43,14.1875
2025-05-03 02:26:49,14.0625
2025-05-03 02:27:55,14.125
2025-05-03 02:29:00,14.125
2025-05-03 02:30:06,14.125
2025-05-03 02:31:12,14.25
2025-05-03 02:32:18,14.125
2025-05-03 02:33:24,14.0
2025-05-03 02:34:29,14.0
2025-05-03 02:35:35,13.875
2025-05-03 02:36:41,13.8125
2025-05-03 02:37:47,13.875
2025-05-03 02:38:52,13.9375
2025-05-03 02:39:58,13.9375
2025-05-03 02:41:04,13.9375
2025-05-03 02:42:09,13.9375
2025-05-03 02:43:15,13.8125
2025-05-03 02:44:21,13.8125
2025-05-03 02:45:27,13.875
2025-05-03 02:46:32,13.8125
2025-05-03 02:47:38,14.0625
2025-05-03 02:48:44,14.1875
2025-05-03 02:49:49,14.25
2025-05-03 02:50:55,14.3125
2025-05-03 02:52:01,14.5
2025-05-03 02:53:07,14.625
2025-05-03 02:54:12,14.5
2025-05-03 02:55:18,14.5
2025-05-03 02:56:24,14.4375
2025-05-03 02:57:30,14.375
2025-05-03 02:58:35,14.4375
2025-05-03 02:59:41,14.4375
2025-05-03 03:00:47,14.4375
2025-05-03 03:01:52,14.375
2025-05-03 03:02:58,14.375
2025-05-03 03:04:04,14.375
2025-05-03 03:05:10,14.4375
2025-05-03 03:06:16,14.4375
2025-05-03 03:07:21,14.4375
2025-05-03 03:08:27,14.4375
2025-05-03 03:09:33,14.4375
2025-05-03 03:10:38,14.5
2025-05-03 03:11:44,14.4375
2025-05-03 03:12:50,14.375
2025-05-03 03:13:56,14.25
2025-05-03 03:15:01,14.1875
2025-05-03 03:16:07,14.3125
2025-05-03 03:17:13,14.375
2025-05-03 03:18:18,14.3125
2025-05-03 03:19:24,14.375
2025-05-03 03:20:30,14.375
2025-05-03 03:21:36,14.375
2025-05-03 03:22:41,14.375
2025-05-03 03:23:47,14.375
2025-05-03 03:24:53,14.3125
2025-05-03 03:25:59,14.3125
2025-05-03 03:27:04,14.25
2025-05-03 03:28:10,14.1875
2025-05-03 03:29:16,14.25
2025-05-03 03:30:22,14.25
2025-05-03 03:31:27,14.25
2025-05-03 03:32:33,14.25
2025-05-03 03:33:39,14.25
2025-05-03 03:34:45,14.125
2025-05-03 03:35:50,14.125
2025-05-03 03:36:56,14.125
2025-05-03 03:38:02,14.125
2025-05-03 03:39:08,13.9375
2025-05-03 03:40:13,13.8125
2025-05-03 03:41:19,13.875
2025-05-03 03:42:25,13.9375
2025-05-03 03:43:31,14.0
2025-05-03 03:44:36,14.0
2025-05-03 03:45:42,14.125
2025-05-03 03:46:48,14.125
2025-05-03 03:47:54,14.1875
2025-05-03 03:48:59,14.125
2025-05-03 03:50:05,14.1875
2025-05-03 03:51:11,14.125
2025-05-03 03:52:17,14.1875
2025-05-03 03:53:22,14.125
2025-05-03 03:54:28,14.3125
2025-05-03 03:55:34,14.25
2025-05-03 03:56:40,14.3125
2025-05-03 03:57:45,14.375
2025-05-03 03:58:51,14.3125
2025-05-03 03:59:57,14.25
2025-05-03 04:01:03,14.125
2025-05-03 04:02:08,14.1875
2025-05-03 04:03:14,14.25
2025-05-03 04:04:20,14.3125
2025-05-03 04:05:26,14.3125
2025-05-03 04:06:31,14.3125
2025-05-03 04:07:37,14.375
2025-05-03 04:08:43,14.375
2025-05-03 04:09:49,14.375
2025-05-03 04:10:54,14.25
2025-05-03 04:12:00,14.1875
2025-05-03 04:13:06,14.3125
2025-05-03 04:14:12,14.3125
2025-05-03 04:15:17,14.375
2025-05-03 04:16:23,14.375
2025-05-03 04:17:29,14.375
2025-05-03 04:18:35,14.3125
2025-05-03 04:19:40,14.3125
2025-05-03 04:20:46,14.3125
2025-05-03 04:21:52,14.3125
2025-05-03 04:22:57,14.25
2025-05-03 04:24:03,14.3125
2025-05-03 04:25:09,14.375
2025-05-03 04:26:14,14.375
2025-05-03 04:27:20,14.375
2025-05-03 04:28:26,14.375
2025-05-03 04:29:31,14.3125
2025-05-03 04:30:37,14.375
2025-05-03 04:31:43,14.4375
2025-05-03 04:32:49,14.1875
2025-05-03 04:33:55,14.1875
2025-05-03 04:35:00,14.1875
2025-05-03 04:36:06,14.25
2025-05-03 04:37:12,14.3125
2025-05-03 04:38:18,14.375
2025-05-03 04:39:23,14.375
2025-05-03 04:40:29,14.375
2025-05-03 04:41:35,14.375
2025-05-03 04:42:40,14.375
2025-05-03 04:43:46,14.3125
2025-05-03 04:44:52,14.3125
2025-05-03 04:45:58,14.3125
2025-05-03 04:47:03,14.3125
2025-05-03 04:48:09,14.25
2025-05-03 04:49:15,14.1875
2025-05-03 04:50:21,14.1875
2025-05-03 04:51:27,14.1875
2025-05-03 04:52:33,14.25
2025-05-03 04:53:38,14.3125
2025-05-03 04:54:44,14.25
2025-05-03 04:55:50,14.3125
2025-05-03 04:56:55,14.3125
2025-05-03 04:58:01,14.3125
2025-05-03 04:59:07,14.3125
2025-05-03 05:00:13,14.3125
2025-05-03 05:01:18,14.3125
2025-05-03 05:02:24,14.25
2025-05-03 05:03:30,14.1875
2025-05-03 05:04:35,14.1875
2025-05-03 05:05:41,14.1875
2025-05-03 05:06:47,14.1875
2025-05-03 05:07:53,14.125
2025-05-03 05:08:58,14.1875
2025-05-03 05:10:04,14.25
2025-05-03 05:11:10,14.125
2025-05-03 05:12:15,14.1875
2025-05-03 05:13:21,14.25
2025-05-03 05:14:27,14.3125
2025-05-03 05:15:33,14.375
2025-05-03 05:16:38,14.4375
2025-05-03 05:17:44,14.375
2025-05-03 05:18:50,14.375
2025-05-03 05:19:56,14.3125
2025-05-03 05:21:01,14.1875
2025-05-03 05:22:07,14.25
2025-05-03 05:23:13,14.25
2025-05-03 05:24:19,14.3125
2025-05-03 05:25:25,14.3125
2025-05-03 05:26:30,14.1875
2025-05-03 05:27:36,14.25
2025-05-03 05:28:42,14.3125
2025-05-03 05:29:47,14.3125
2025-05-03 05:30:53,14.3125
2025-05-03 05:31:59,14.3125
2025-05-03 05:33:05,14.25
2025-05-03 05:34:11,14.25
2025-05-03 05:35:16,14.25
2025-05-03 05:36:22,14.25
2025-05-03 05:37:28,14.25
2025-05-03 05:38:33,14.3125
2025-05-03 05:39:39,14.3125
2025-05-03 05:40:45,14.3125
2025-05-03 05:41:51,14.3125
2025-05-03 05:42:56,14.375
2025-05-03 05:44:02,14.375
2025-05-03 05:45:08,14.375
2025-05-03 05:46:13,14.25
2025-05-03 05:47:19,14.25
2025-05-03 05:48:25,14.1875
2025-05-03 05:49:31,14.25
2025-05-03 05:50:37,14.1875
2025-05-03 05:51:43,14.1875
2025-05-03 05:52:48,14.125
2025-05-03 05:53:54,14.0625
2025-05-03 05:55:00,14.0
2025-05-03 05:56:05,14.125
2025-05-03 05:57:11,14.125
2025-05-03 05:58:17,14.0625
2025-05-03 05:59:23,14.0625
2025-05-03 06:00:29,14.0625
2025-05-03 06:01:34,14.0
2025-05-03 06:02:40,14.0
2025-05-03 06:03:46,14.0
2025-05-03 06:04:51,14.0
2025-05-03 06:05:57,14.0
2025-05-03 06:07:03,13.9375
2025-05-03 06:08:09,14.0
2025-05-03 06:09:15,14.0
2025-05-03 06:10:20,14.0
2025-05-03 06:11:26,14.0
2025-05-03 06:12:32,14.0
2025-05-03 06:13:38,14.0
2025-05-03 06:14:43,14.0
2025-05-03 06:15:49,14.0
2025-05-03 06:16:55,14.0
2025-05-03 06:18:01,13.9375
2025-05-03 06:19:07,13.875
2025-05-03 06:20:12,13.6875
2025-05-03 06:21:18,13.6875
2025-05-03 06:22:24,13.8125
2025-05-03 06:23:29,13.8125
2025-05-03 06:24:35,13.875
2025-05-03 06:25:41,13.9375
2025-05-03 06:26:47,13.9375
2025-05-03 06:27:52,13.875
2025-05-03 06:28:58,13.875
2025-05-03 06:30:04,13.8125
2025-05-03 06:31:10,13.875
2025-05-03 06:32:15,13.875
2025-05-03 06:33:21,13.875
2025-05-03 06:34:27,13.875
2025-05-03 06:35:33,13.9375
2025-05-03 06:36:38,13.875
2025-05-03 06:37:44,13.8125
2025-05-03 06:38:50,13.875
2025-05-03 06:39:56,13.9375
2025-05-03 06:41:02,13.8125
2025-05-03 06:42:07,14.0
2025-05-03 06:43:13,13.9375
2025-05-03 06:44:19,13.9375
2025-05-03 06:45:25,14.0
2025-05-03 06:46:31,14.0
2025-05-03 06:47:36,14.0625
2025-05-03 06:48:42,13.9375
2025-05-03 06:49:48,14.0625
2025-05-03 06:50:54,14.125
2025-05-06 16:04:59,17.125
2025-05-06 16:06:05,19.4375
2025-05-06 16:07:10,21.0
2025-05-06 16:08:16,21.25
2025-05-06 16:09:22,19.6875
2025-05-06 16:10:28,18.9375
2025-05-06 16:42:07,17.125
2025-05-06 17:13:05,15.75
2025-05-06 17:14:10,15.6875
2025-05-06 17:15:16,15.875
2025-05-06 17:18:49,16.0625
2025-05-06 17:19:54,15.8125
2025-05-06 17:21:00,15.625
2025-05-06 17:22:06,15.9375
2025-05-06 17:25:45,15.4375
2025-05-06 17:26:50,15.6875
2025-05-06 17:27:56,15.6875
2025-05-06 17:29:02,15.6875
2025-05-06 17:30:07,15.6875
2025-05-06 17:31:13,15.6875
2025-05-06 17:32:19,15.75
2025-05-06 17:33:25,15.6875
2025-05-06 17:34:30,15.625
2025-05-06 17:35:36,15.625
2025-05-06 17:36:42,15.4375
2025-05-06 17:37:48,15.625
2025-05-06 17:38:54,15.6875
2025-05-06 17:39:59,15.625
2025-05-06 17:41:05,15.625
2025-05-06 17:42:11,15.6875
2025-05-06 17:43:17,15.625
2025-05-06 17:44:22,15.625
2025-05-06 17:45:28,15.5
2025-05-06 17:46:34,15.5625
2025-05-06 17:47:40,15.4375
2025-05-06 17:48:45,15.375
2025-05-06 17:49:51,15.375
2025-05-06 17:50:57,15.4375
2025-05-06 17:52:03,15.5
2025-05-06 17:53:08,15.4375
2025-05-06 17:54:14,15.3125
2025-05-06 17:55:20,15.5
2025-05-06 17:56:26,15.5625
2025-05-06 17:57:32,15.5
2025-05-06 17:58:37,15.5
2025-05-06 17:59:43,15.5
2025-05-06 18:00:49,15.375
2025-05-06 18:01:55,15.3125
2025-05-06 18:03:00,15.25
2025-05-06 18:04:06,15.3125
2025-05-06 18:05:12,15.5
2025-05-06 18:06:18,15.5625
2025-05-06 18:07:24,15.375
2025-05-06 18:08:29,15.5625
2025-05-06 18:09:35,15.5625
2025-05-06 18:10:41,15.5
2025-05-06 18:11:47,15.625
2025-05-06 18:12:52,15.25
2025-05-06 18:13:58,15.3125
2025-05-06 18:15:04,15.125
2025-05-06 18:16:10,15.125
2025-05-06 18:17:16,15.125
2025-05-06 18:18:21,15.0
2025-05-06 18:19:27,15.0625
2025-05-06 18:20:33,15.0625
2025-05-06 18:21:39,14.9375
2025-05-06 18:22:44,15.0625
2025-05-06 18:23:50,15.1875
2025-05-06 18:24:56,15.0625
2025-05-06 18:26:02,15.125
2025-05-06 18:27:07,15.0625
2025-05-06 18:28:13,15.4375
2025-05-06 18:29:19,15.9375
2025-05-06 18:30:25,15.6875
2025-05-06 18:31:31,15.25
2025-05-06 18:32:36,15.1875
2025-05-06 18:33:42,15.25
2025-05-06 18:34:48,15.1875
2025-05-06 18:35:54,15.25
2025-05-06 18:36:59,15.1875
2025-05-06 18:38:05,15.125
2025-05-06 18:39:11,15.0
2025-05-06 18:40:17,14.9375
2025-05-06 18:41:22,15.0625
2025-05-06 18:42:28,15.0625
2025-05-06 18:43:34,15.0
2025-05-06 18:44:40,14.9375
2025-05-06 18:45:45,14.9375
2025-05-06 18:46:51,14.875
2025-05-06 18:47:57,14.9375
2025-05-06 18:49:03,14.9375
2025-05-06 18:50:09,15.0
2025-05-06 18:51:14,14.8125
2025-05-06 18:52:20,14.6875
2025-05-06 18:53:26,14.875
2025-05-06 18:54:32,14.9375
2025-05-06 18:55:37,14.875
2025-05-06 18:56:43,14.875
2025-05-06 18:57:49,14.9375
2025-05-06 18:58:55,15.0
2025-05-06 19:00:01,14.875
2025-05-06 19:01:07,14.8125
2025-05-06 19:02:12,14.875
2025-05-06 19:03:18,14.75
2025-05-06 19:04:24,14.8125
2025-05-06 19:05:29,14.8125
2025-05-06 19:06:35,14.875
2025-05-06 19:07:41,14.875
2025-05-06 19:08:47,14.75
2025-05-06 19:09:53,14.875
2025-05-06 19:10:58,14.9375
2025-05-06 19:12:04,14.875
2025-05-06 19:13:10,14.8125
2025-05-06 19:14:16,14.75
2025-05-06 19:15:21,14.75
2025-05-06 19:16:27,14.625
2025-05-06 19:17:33,14.6875
2025-05-06 19:18:39,14.5625
2025-05-06 19:19:44,14.6875
2025-05-06 19:20:50,14.75
2025-05-06 19:21:56,14.75
2025-05-06 19:23:02,14.8125
2025-05-06 19:24:07,14.75
2025-05-06 19:25:13,14.6875
2025-05-06 19:26:19,14.75
2025-05-06 19:27:25,14.6875
2025-05-06 19:28:31,14.8125
2025-05-06 19:29:36,14.8125
2025-05-06 19:30:42,14.6875
2025-05-06 19:31:48,14.75
2025-05-06 19:32:54,14.8125
2025-05-06 19:33:59,14.75
2025-05-06 19:35:05,14.6875
2025-05-06 19:36:11,14.75
2025-05-06 19:37:17,14.875
2025-05-06 19:38:22,14.8125
2025-05-06 19:39:28,14.8125
2025-05-06 19:40:34,14.8125
2025-05-06 19:41:40,14.875
2025-05-06 19:42:45,14.75
2025-05-06 19:43:51,14.75
2025-05-06 19:44:57,14.625
2025-05-06 19:46:03,14.6875
2025-05-06 19:47:08,14.75
2025-05-06 19:48:14,14.6875
2025-05-06 19:49:20,14.75
2025-05-06 19:50:26,14.75
2025-05-06 19:51:31,14.6875
2025-05-06 19:52:37,14.75
2025-05-06 19:53:43,14.8125
2025-05-06 19:54:49,14.625
2025-05-06 19:55:55,14.75
2025-05-06 19:57:01,14.9375
2025-05-06 19:58:06,14.8125
2025-05-06 19:59:12,14.875
2025-05-06 20:00:18,14.5625
2025-05-06 20:01:24,14.5625
2025-05-06 20:02:29,14.5
2025-05-06 20:03:35,14.4375
2025-05-06 20:04:41,14.5625
2025-05-06 20:05:47,14.5625
2025-05-06 20:06:52,14.5
2025-05-06 20:07:58,14.5
2025-05-06 20:09:04,14.5
2025-05-06 20:10:10,14.375
2025-05-06 20:11:15,14.4375
2025-05-06 20:12:21,14.4375
2025-05-06 20:13:27,14.4375
2025-05-06 20:14:33,14.4375
2025-05-06 20:15:38,14.5
2025-05-06 20:16:44,14.5
2025-05-06 20:17:50,14.5
2025-05-06 20:18:56,14.5
2025-05-06 20:20:01,14.5
2025-05-06 20:21:07,14.4375
2025-05-06 20:22:13,14.3125
2025-05-06 20:23:19,14.375
2025-05-06 20:24:24,14.1875
2025-05-06 20:25:30,14.125
2025-05-06 20:26:36,14.3125
2025-05-06 20:27:42,14.25
2025-05-06 20:28:48,14.375
2025-05-06 20:29:53,14.375
2025-05-06 20:30:59,14.125
2025-05-06 20:32:05,14.125
2025-05-06 20:33:11,14.1875
2025-05-06 20:34:16,14.3125
2025-05-06 20:35:22,14.1875
2025-05-06 20:36:28,14.125
2025-05-06 20:37:34,14.25
2025-05-06 20:38:40,14.1875
2025-05-06 20:39:45,14.1875
2025-05-06 20:40:51,14.3125
2025-05-06 20:41:57,14.1875
2025-05-06 20:43:03,14.125
2025-05-06 20:44:08,14.1875
2025-05-06 20:45:14,14.25
2025-05-06 20:46:20,14.125
2025-05-06 20:47:26,14.125
2025-05-06 20:48:31,14.1875
2025-05-06 20:49:37,14.125
2025-05-06 20:50:43,13.9375
2025-05-06 20:51:49,14.0625
2025-05-06 20:52:54,14.125
2025-05-06 20:54:00,14.0625
2025-05-06 20:55:06,14.0625
2025-05-06 20:56:12,14.0
2025-05-06 20:57:18,14.0
2025-05-06 20:58:23,13.8125
2025-05-06 20:59:29,13.9375
2025-05-06 21:00:35,14.0625
2025-05-06 21:01:41,13.75
2025-05-06 21:02:46,13.75
2025-05-06 21:03:52,13.6875
2025-05-06 21:04:58,13.8125
2025-05-06 21:06:04,13.75
2025-05-06 21:07:10,13.75
2025-05-06 21:08:15,13.75
2025-05-06 21:09:21,13.75
2025-05-06 21:10:27,13.75
2025-05-06 21:11:33,13.75
2025-05-06 21:12:38,13.6875
2025-05-06 21:13:44,13.8125
2025-05-06 21:14:50,13.625
2025-05-06 21:15:56,13.625
2025-05-06 21:17:02,13.625
2025-05-06 21:18:07,13.6875
2025-05-06 21:19:13,13.5625
2025-05-06 21:20:19,13.625
2025-05-06 21:21:25,13.625
2025-05-06 21:22:31,13.5625
2025-05-06 21:23:36,13.875
2025-05-06 21:24:42,13.625
2025-05-06 21:25:48,13.625
2025-05-06 21:26:54,13.5
2025-05-06 21:27:59,13.5
2025-05-06 21:29:05,13.625
2025-05-06 21:30:11,13.625
2025-05-06 21:31:17,13.625
2025-05-06 21:32:23,13.625
2025-05-06 21:33:28,13.5625
2025-05-06 21:34:34,13.5
2025-05-06 21:35:40,13.5
2025-05-06 21:36:46,13.6875
2025-05-06 21:37:51,13.5625
2025-05-06 21:38:57,13.5
2025-05-06 21:40:03,13.375
2025-05-06 21:41:09,13.4375
2025-05-06 21:42:15,13.5
2025-05-06 21:43:20,13.375
2025-05-06 21:44:26,13.4375
2025-05-06 21:45:32,13.5
2025-05-06 21:46:38,13.4375
2025-05-06 21:47:43,13.5
2025-05-06 21:48:49,13.3125
2025-05-06 21:49:55,13.3125
2025-05-06 21:51:01,13.4375
2025-05-06 21:52:06,13.5625
2025-05-06 21:53:12,13.5625
2025-05-06 21:54:18,13.625
2025-05-06 21:55:24,13.4375
2025-05-06 21:56:30,13.4375
2025-05-06 21:57:36,13.4375
2025-05-06 21:58:41,13.4375
2025-05-06 21:59:47,13.5
2025-05-06 22:00:53,13.4375
2025-05-06 22:01:59,13.5
2025-05-06 22:03:04,13.4375
2025-05-06 22:04:10,13.4375
2025-05-06 22:05:16,13.4375
2025-05-06 22:06:22,13.4375
2025-05-06 22:07:27,13.375
2025-05-06 22:08:33,13.4375
2025-05-06 22:09:39,13.5
2025-05-06 22:10:45,13.5
2025-05-06 22:11:51,13.5
2025-05-06 22:12:56,13.5
2025-05-06 22:14:02,13.5
2025-05-06 22:15:08,13.5
2025-05-06 22:16:14,13.375
2025-05-06 22:17:19,13.5
2025-05-06 22:18:25,13.3125
2025-05-06 22:19:31,13.5
2025-05-06 22:20:37,14.1875
2025-05-06 22:21:42,13.75
2025-05-06 22:22:48,13.5625
2025-05-06 22:23:54,13.625
2025-05-06 22:25:00,13.9375
2025-05-06 22:26:06,13.5625
2025-05-06 22:27:11,13.3125
2025-05-06 22:28:17,13.25
2025-05-06 22:29:23,13.1875
2025-05-06 22:30:29,13.1875
2025-05-06 22:31:34,13.1875
2025-05-06 22:32:40,13.3125
2025-05-06 22:33:46,13.375
2025-05-06 22:34:52,13.375
2025-05-06 22:35:57,13.3125
2025-05-06 22:37:03,13.4375
2025-05-06 22:38:09,13.375
2025-05-06 22:39:15,13.375
2025-05-06 22:40:21,13.3125
2025-05-06 22:41:26,13.1875
2025-05-06 22:42:32,13.1875
2025-05-06 22:43:38,13.3125
2025-05-06 22:44:44,13.375
2025-05-06 22:45:50,13.375
2025-05-06 22:46:55,13.375
2025-05-06 22:48:01,13.375
2025-05-06 22:49:07,13.375
2025-05-06 22:50:13,13.3125
2025-05-06 22:51:18,13.375
2025-05-06 22:52:24,13.375
2025-05-06 22:53:30,13.375
2025-05-06 22:54:36,13.375
2025-05-06 22:55:41,13.4375
2025-05-06 22:56:47,13.4375
2025-05-06 22:57:53,13.375
2025-05-06 22:58:59,13.25
2025-05-06 23:00:04,13.25
2025-05-06 23:01:10,13.25
2025-05-06 23:02:16,13.3125
2025-05-06 23:03:22,13.375
2025-05-06 23:04:28,13.375
2025-05-06 23:05:34,13.3125
2025-05-06 23:06:39,13.3125
2025-05-06 23:07:45,13.3125
2025-05-06 23:08:51,13.3125
2025-05-06 23:09:56,13.3125
2025-05-06 23:11:02,13.3125
2025-05-06 23:12:08,13.375
2025-05-06 23:13:14,13.375
2025-05-06 23:14:20,13.375
2025-05-06 23:15:25,13.375
2025-05-06 23:16:31,13.3125
2025-05-06 23:17:37,13.3125
2025-05-06 23:18:42,13.375
2025-05-06 23:19:48,13.4375
2025-05-06 23:20:54,13.375
2025-05-06 23:22:00,13.4375
2025-05-06 23:23:05,13.4375
2025-05-06 23:24:11,13.375
2025-05-06 23:25:17,13.4375
2025-05-06 23:26:23,13.375
2025-05-06 23:27:28,13.3125
2025-05-06 23:28:34,13.375
2025-05-06 23:29:40,13.3125
2025-05-06 23:30:46,13.25
2025-05-06 23:31:52,13.3125
2025-05-06 23:32:57,13.3125
2025-05-06 23:34:03,13.3125
2025-05-06 23:35:09,13.375
2025-05-06 23:36:15,13.3125
2025-05-06 23:37:20,13.375
2025-05-06 23:38:26,13.375
2025-05-06 23:39:32,13.375
2025-05-06 23:40:38,13.3125
2025-05-06 23:41:43,13.3125
2025-05-06 23:42:49,13.375
2025-05-06 23:43:55,13.375
2025-05-06 23:45:01,13.4375
2025-05-06 23:46:07,13.4375
2025-05-06 23:47:13,13.4375
2025-05-06 23:48:18,13.375
2025-05-06 23:49:24,13.4375
2025-05-06 23:50:30,13.4375
2025-05-06 23:51:36,13.375
2025-05-06 23:52:42,13.4375
2025-05-06 23:53:47,13.4375
2025-05-06 23:54:53,13.4375
2025-05-06 23:55:59,13.375
2025-05-06 23:57:05,13.375
2025-05-06 23:58:10,13.4375
2025-05-06 23:59:16,13.375
2025-05-07 00:00:22,13.375
2025-05-07 00:01:28,13.375
2025-05-07 00:02:33,13.375
2025-05-07 00:03:39,13.375
2025-05-07 00:04:45,13.375
2025-05-07 00:05:51,13.375
2025-05-07 00:06:56,13.375
2025-05-07 00:08:02,13.4375
2025-05-07 00:09:08,13.5
2025-05-07 00:10:14,13.4375
2025-05-07 00:11:20,13.4375
2025-05-07 00:12:25,13.4375
2025-05-07 00:13:31,13.4375
2025-05-07 00:14:37,13.375
2025-05-07 00:15:43,13.375
2025-05-07 00:16:48,13.3125
2025-05-07 00:17:54,13.3125
2025-05-07 00:19:00,13.25
2025-05-07 00:20:06,13.5
2025-05-07 00:21:12,13.4375
2025-05-07 00:22:17,13.375
2025-05-07 00:23:23,13.375
2025-05-07 00:24:29,13.375
2025-05-07 00:25:34,13.375
2025-05-07 00:26:40,13.375
2025-05-07 00:27:46,13.375
2025-05-07 00:28:52,13.3125
2025-05-07 00:29:57,13.3125
2025-05-07 00:31:03,13.25
2025-05-07 00:32:09,13.25
2025-05-07 00:33:15,13.3125
2025-05-07 00:34:20,13.25
2025-05-07 00:35:26,13.3125
2025-05-07 00:36:32,13.25
2025-05-07 00:37:38,13.3125
2025-05-07 00:38:43,13.25
2025-05-07 00:39:49,13.3125
2025-05-07 00:40:55,13.3125
2025-05-07 00:42:01,13.3125
2025-05-07 00:43:06,13.3125
2025-05-07 00:44:12,13.3125
2025-05-07 00:45:18,13.3125
2025-05-07 00:46:24,13.25
2025-05-07 00:47:30,13.25
2025-05-07 00:48:35,13.25
2025-05-07 00:49:41,13.25
2025-05-07 00:50:47,13.1875
2025-05-07 00:51:53,13.1875
2025-05-07 00:52:59,13.1875
2025-05-07 00:54:04,13.1875
2025-05-07 00:55:10,13.1875
2025-05-07 00:56:16,13.1875
2025-05-07 00:57:22,13.1875
2025-05-07 00:58:27,13.1875
2025-05-07 00:59:33,13.125
2025-05-07 01:00:39,13.125
2025-05-07 01:01:45,13.1875
2025-05-07 01:02:50,13.1875
2025-05-07 01:03:56,13.1875
2025-05-07 01:05:02,13.1875
2025-05-07 01:06:08,13.1875
2025-05-07 01:07:13,13.1875
2025-05-07 01:08:19,13.1875
2025-05-07 01:09:25,13.0625
2025-05-07 01:10:31,13.125
2025-05-07 01:11:36,13.1875
2025-05-07 01:12:42,13.1875
2025-05-07 01:13:48,13.1875
2025-05-07 01:14:54,13.1875
2025-05-07 01:16:00,13.1875
2025-05-07 01:17:06,13.125
2025-05-07 01:18:12,13.0625
2025-05-07 01:19:17,13.0
2025-05-07 01:20:23,13.0
2025-05-07 01:21:29,13.0
2025-05-07 01:22:34,13.0
2025-05-07 01:23:40,13.0
2025-05-07 01:24:46,13.0
2025-05-07 01:25:52,13.0
2025-05-07 01:26:58,13.0625
2025-05-07 01:28:03,13.0625
2025-05-07 01:29:09,13.125
2025-05-07 01:30:15,13.125
2025-05-07 01:31:20,13.0625
2025-05-07 01:32:26,14.5625
2025-05-07 01:33:32,13.4375
2025-05-07 01:34:38,13.3125
2025-05-07 01:35:44,13.25
2025-05-07 01:36:49,13.25
2025-05-07 01:37:55,13.5
2025-05-07 01:39:01,13.3125
2025-05-07 01:40:07,13.1875
2025-05-07 01:41:12,13.125
2025-05-07 01:42:18,13.125
2025-05-07 01:43:24,13.125
2025-05-07 01:44:30,13.0625
2025-05-07 01:45:36,13.0625
2025-05-07 01:46:41,13.0625
2025-05-07 01:47:47,14.4375
2025-05-07 01:48:53,13.375
2025-05-07 01:49:59,13.1875
2025-05-07 01:51:05,13.0
2025-05-07 01:52:10,13.0
2025-05-07 01:53:16,13.0625
2025-05-07 01:54:22,13.0625
2025-05-07 01:55:28,12.9375
2025-05-07 01:56:33,13.0
2025-05-07 01:57:39,12.9375
2025-05-07 01:58:45,12.9375
2025-05-07 01:59:51,12.9375
2025-05-07 02:00:56,12.9375
2025-05-07 02:02:02,12.9375
2025-05-07 02:03:08,13.0
2025-05-07 02:04:14,13.0
2025-05-07 02:05:20,12.9375
2025-05-07 02:06:25,12.9375
2025-05-07 02:07:31,13.0
2025-05-07 02:08:37,13.0
2025-05-07 02:09:43,13.0
2025-05-07 02:10:48,12.9375
2025-05-07 02:11:54,12.9375
2025-05-07 02:13:00,13.0
2025-05-07 02:14:06,13.0
2025-05-07 02:15:11,13.0
2025-05-07 02:16:17,13.0
2025-05-07 02:17:23,13.0
2025-05-07 02:18:29,12.9375
2025-05-07 02:19:35,13.0
2025-05-07 02:20:40,13.0
2025-05-07 02:21:46,12.9375
2025-05-07 02:22:52,12.9375
2025-05-07 02:23:58,12.9375
2025-05-07 02:25:03,13.0
2025-05-07 02:26:09,12.9375
2025-05-07 02:27:15,12.9375
2025-05-07 02:28:21,12.9375
2025-05-07 02:29:27,12.9375
2025-05-07 02:30:32,12.875
2025-05-07 02:31:38,12.9375
2025-05-07 02:32:44,12.875
2025-05-07 02:33:50,12.875
2025-05-07 02:34:55,12.875
2025-05-07 02:36:01,12.875
2025-05-07 02:37:07,12.8125
2025-05-07 02:38:13,12.875
2025-05-07 02:39:18,12.875
2025-05-07 02:40:24,12.875
2025-05-07 02:41:30,12.875
2025-05-07 02:42:36,12.9375
2025-05-07 02:43:41,13.0
2025-05-07 02:44:47,13.3125
2025-05-07 02:45:53,13.0625
2025-05-07 02:46:59,12.9375
2025-05-07 02:48:04,12.9375
2025-05-07 02:49:10,12.875
2025-05-07 02:50:16,12.9375
2025-05-07 02:51:22,12.875
2025-05-07 02:52:28,12.875
2025-05-07 02:53:33,12.875
2025-05-07 02:54:39,12.875
2025-05-07 02:55:45,12.875
2025-05-07 02:56:51,12.875
2025-05-07 02:57:56,12.875
2025-05-07 02:59:02,12.875
2025-05-07 03:00:08,12.8125
2025-05-07 03:01:14,12.875
2025-05-07 03:02:20,12.875
2025-05-07 03:03:25,12.875
2025-05-07 03:04:31,12.875
2025-05-07 03:05:37,12.875
2025-05-07 03:06:42,12.875
2025-05-07 03:07:48,12.875
2025-05-07 03:08:54,12.875
2025-05-07 03:10:00,12.875
2025-05-07 03:11:06,12.875
2025-05-07 03:12:11,12.9375
2025-05-07 03:13:17,12.875
2025-05-07 03:14:23,12.8125
2025-05-07 03:15:29,12.875
2025-05-07 03:16:34,12.875
2025-05-07 03:17:40,12.875
2025-05-07 03:18:46,12.875
2025-05-07 03:19:52,12.75
2025-05-07 03:20:57,12.75
2025-05-07 03:22:03,12.8125
2025-05-07 03:23:09,12.75
2025-05-07 03:24:15,12.75
2025-05-07 03:25:20,12.6875
2025-05-07 03:26:26,12.6875
2025-05-07 03:27:32,12.75
2025-05-07 03:28:38,12.75
2025-05-07 03:29:43,12.8125
2025-05-07 03:30:49,12.8125
2025-05-07 03:31:55,12.8125
2025-05-07 03:33:01,12.875
2025-05-07 03:34:07,12.8125
2025-05-07 03:35:13,13.5625
2025-05-07 03:36:18,13.0625
2025-05-07 03:37:24,12.875
2025-05-07 03:38:30,12.8125
2025-05-07 03:39:35,12.8125
2025-05-07 03:40:41,12.75
2025-05-07 03:41:47,12.625
2025-05-07 03:42:53,12.6875
2025-05-07 03:43:58,12.75
2025-05-07 03:45:04,12.8125
2025-05-07 03:46:10,12.625
2025-05-07 03:47:16,12.5
2025-05-07 03:48:21,12.625
2025-05-07 03:49:27,12.625
2025-05-07 03:50:33,12.6875
2025-05-07 03:51:39,12.6875
2025-05-07 03:52:45,12.6875
2025-05-07 03:53:50,12.6875
2025-05-07 03:54:56,12.6875
2025-05-07 03:56:02,12.6875
2025-05-07 03:57:08,12.625
2025-05-07 03:58:13,12.6875
2025-05-07 03:59:19,12.6875
2025-05-07 04:00:25,12.75
2025-05-07 04:01:31,12.625
2025-05-07 04:02:36,12.9375
2025-05-07 04:03:42,12.6875
2025-05-07 04:04:48,12.625
2025-05-07 04:05:54,12.4375
2025-05-07 04:07:00,12.5625
2025-05-07 04:08:05,12.6875
2025-05-07 04:09:11,12.4375
2025-05-07 04:10:17,12.4375
2025-05-07 04:11:23,12.5
2025-05-07 04:12:28,12.5625
2025-05-07 04:13:34,12.5625
2025-05-07 04:14:40,12.5625
2025-05-07 04:15:46,12.4375
2025-05-07 04:16:51,12.1875
2025-05-07 04:17:57,12.1875
2025-05-07 04:19:03,12.25
2025-05-07 04:20:09,12.3125
2025-05-07 04:21:15,12.375
2025-05-07 04:22:20,12.375
2025-05-07 04:23:26,12.3125
2025-05-07 04:24:32,12.3125
2025-05-07 04:25:38,12.0625
2025-05-07 04:26:43,12.125
2025-05-07 04:27:49,12.1875
2025-05-07 04:28:55,12.25
2025-05-07 04:30:01,12.1875
2025-05-07 04:31:06,12.0625
2025-05-07 04:32:12,12.1875
2025-05-07 04:33:18,12.3125
2025-05-07 04:34:24,12.3125
2025-05-07 04:35:29,12.1875
2025-05-07 04:36:35,12.1875
2025-05-07 04:37:41,12.25
2025-05-07 04:38:47,12.1875
2025-05-07 04:39:53,12.1875
2025-05-07 04:40:58,12.125
2025-05-07 04:42:04,12.1875
2025-05-07 04:43:10,12.1875
2025-05-07 04:44:16,12.25
2025-05-07 04:45:21,12.25
2025-05-07 04:46:27,12.1875
2025-05-07 04:47:33,12.25
2025-05-07 04:48:39,12.25
2025-05-07 04:49:45,12.25
2025-05-07 04:50:50,12.125
2025-05-07 04:51:56,11.875
2025-05-07 04:53:02,12.0
2025-05-07 04:54:08,12.125
2025-05-07 04:55:14,12.1875
2025-05-07 04:56:19,12.25
2025-05-07 04:57:25,12.1875
2025-05-07 04:58:31,12.25
2025-05-07 04:59:37,12.25
2025-05-07 05:00:43,12.25
2025-05-07 05:01:48,12.3125
2025-05-07 05:02:54,12.3125
2025-05-07 05:04:00,12.1875
2025-05-07 05:05:06,12.1875
2025-05-07 05:06:11,12.25
2025-05-07 05:07:17,12.125
2025-05-07 05:08:23,12.1875
2025-05-07 05:09:29,12.1875
2025-05-07 05:10:34,12.1875
2025-05-07 05:11:40,13.0625
2025-05-07 05:12:46,13.25
2025-05-07 05:13:52,12.5625
2025-05-07 05:14:57,12.3125
2025-05-07 05:16:03,12.3125
2025-05-07 05:17:09,12.25
2025-05-07 05:18:15,12.3125
2025-05-07 05:19:20,12.3125
2025-05-07 05:20:26,12.0625
2025-05-07 05:21:32,12.125
2025-05-07 05:22:38,12.125
2025-05-07 05:23:44,12.1875
2025-05-07 05:24:49,12.1875
2025-05-07 05:25:55,12.1875
2025-05-07 05:27:01,12.0625
2025-05-07 05:28:07,12.0
2025-05-07 05:29:12,12.0
2025-05-07 05:30:18,12.0
2025-05-07 05:31:24,11.9375
2025-05-07 05:32:30,11.9375
2025-05-07 05:33:35,12.0
2025-05-07 05:34:41,11.9375
2025-05-07 05:35:47,12.0625
2025-05-07 05:36:53,12.125
2025-05-07 05:37:59,12.0
2025-05-07 05:39:04,12.0625
2025-05-07 05:40:10,12.0625
2025-05-07 05:41:16,12.0625
2025-05-07 05:42:22,11.9375
2025-05-07 05:43:28,11.9375
2025-05-07 05:44:33,11.9375
2025-05-07 05:45:39,11.8125
2025-05-07 05:46:45,11.75
2025-05-07 05:47:51,11.8125
2025-05-07 05:48:56,11.6875
2025-05-07 05:50:02,11.8125
2025-05-07 05:51:08,11.875
2025-05-07 05:52:14,12.0
2025-05-07 05:53:19,12.0
2025-05-07 05:54:25,11.875
2025-05-07 05:55:31,12.0
2025-05-07 05:56:37,11.875
2025-05-07 05:57:43,12.0
2025-05-07 05:58:48,12.0625
2025-05-07 05:59:54,12.0625
2025-05-07 06:01:00,12.125
2025-05-07 06:02:06,12.125
2025-05-07 06:03:11,12.125
2025-05-07 06:04:17,12.0625
2025-05-07 06:05:23,12.125
2025-05-07 06:06:29,12.125
2025-05-07 06:07:34,12.125
2025-05-07 06:08:40,12.125
2025-05-07 06:09:46,12.0625
2025-05-07 06:10:52,12.0
2025-05-07 06:11:57,11.875
2025-05-07 06:13:03,11.9375
2025-05-07 06:14:09,12.0
2025-05-07 06:15:14,12.0625
2025-05-07 06:16:20,12.125
2025-05-07 06:17:26,12.125
2025-05-07 06:18:32,12.125
2025-05-07 06:19:38,12.125
2025-05-07 06:20:43,12.125
2025-05-07 06:21:49,12.125
2025-05-07 06:22:55,12.125
2025-05-07 06:24:01,12.125
2025-05-07 06:25:06,12.1875
2025-05-07 06:26:12,12.0625
2025-05-07 06:27:18,12.0625
2025-05-07 06:28:24,12.125
2025-05-07 06:29:30,12.0
2025-05-07 06:30:35,12.0625
2025-05-07 06:31:41,12.0625
2025-05-07 06:32:47,12.125
2025-05-07 06:33:53,12.125
2025-05-07 06:34:59,12.0625
2025-05-07 06:36:04,12.0
2025-05-07 06:37:10,12.0625
2025-05-07 06:38:16,12.1875
2025-05-07 06:39:22,12.1875
2025-05-07 06:40:27,12.0625
2025-05-07 06:41:33,11.9375
2025-05-07 06:42:39,12.0625
2025-05-07 06:43:45,12.0
2025-05-07 06:44:50,11.9375
2025-05-07 06:45:56,12.0
2025-05-07 06:47:02,12.0
2025-05-07 06:48:08,12.0
2025-05-07 06:49:13,11.9375
2025-05-07 06:50:19,12.0625
2025-05-07 06:51:25,12.25
2025-05-07 06:52:31,12.1875
2025-05-07 06:53:37,12.1875
2025-05-07 06:54:42,12.1875
2025-05-07 06:55:48,12.1875
2025-05-07 06:56:54,12.25
2025-05-07 06:58:00,12.1875
2025-05-07 06:59:05,12.125
2025-05-07 07:00:11,12.1875
2025-05-07 07:01:17,12.25
2025-05-07 07:02:23,12.1875
2025-05-07 07:03:28,12.1875
2025-05-07 07:04:34,12.1875
2025-05-07 07:05:40,12.375
2025-05-07 07:06:46,12.25
2025-05-07 07:07:51,12.125
2025-05-07 07:08:57,12.0625
2025-05-07 07:10:03,12.25
2025-05-07 07:11:09,12.3125
2025-05-07 07:12:14,12.0
2025-05-07 07:13:20,12.1875
2025-05-07 07:14:26,12.1875
2025-05-07 07:15:32,12.1875
2025-05-07 07:16:37,12.125
2025-05-07 07:17:43,12.0625
2025-05-07 07:18:49,12.25
2025-05-07 07:19:55,12.0
2025-05-07 07:21:00,12.125
2025-05-07 07:22:06,12.1875
2025-05-07 07:23:12,12.0625
2025-05-07 07:24:18,12.0625
2025-05-07 07:25:24,12.1875
2025-05-07 07:26:29,12.125
2025-05-07 07:27:35,12.0625
2025-05-07 07:28:41,12.125
2025-05-07 07:29:46,12.1875
2025-05-07 07:30:52,11.9375
2025-05-07 07:31:58,12.125
2025-05-07 07:33:04,12.0
2025-05-07 07:34:10,11.9375
2025-05-07 07:35:15,12.0625
2025-05-07 07:36:21,12.125
2025-05-07 07:37:27,11.9375
2025-05-07 07:38:33,12.0625
2025-05-07 07:39:38,12.0625
2025-05-07 07:40:44,12.125
2025-05-07 07:41:50,12.125
2025-05-07 07:42:56,12.0
2025-05-07 07:44:01,12.0
2025-05-07 07:45:07,12.0
2025-05-07 07:46:13,12.0625
2025-05-07 07:47:19,11.9375
2025-05-07 07:48:24,12.0625
2025-05-07 07:49:30,12.0625
2025-05-07 07:50:36,11.9375
2025-05-07 07:51:42,11.875
2025-05-07 07:52:47,12.0
2025-05-07 07:53:53,12.125
2025-05-07 07:54:59,12.125
2025-05-07 07:56:05,12.1875
2025-05-07 07:57:10,12.1875
2025-05-07 07:58:16,12.1875
2025-05-07 07:59:22,12.1875
2025-05-07 08:00:28,12.1875
2025-05-07 08:01:34,12.1875
2025-05-07 08:02:39,12.1875
2025-05-07 08:03:45,12.1875
2025-05-07 08:04:51,12.25
2025-05-07 08:05:57,12.3125
2025-05-07 08:07:02,12.25
2025-05-07 08:08:08,12.375
2025-05-07 08:09:14,12.1875
2025-05-07 08:10:20,12.1875
2025-05-07 08:11:26,12.375
2025-05-07 08:12:31,12.1875
2025-05-07 08:13:37,12.1875
2025-05-07 08:14:43,12.1875
2025-05-07 08:15:49,12.25
2025-05-07 08:16:54,12.5
2025-05-07 08:18:00,12.5625
2025-05-07 08:19:06,12.4375
2025-05-07 08:20:12,12.5
2025-05-07 08:21:18,12.5625
2025-05-07 08:22:23,12.8125
2025-05-07 08:23:29,12.75
2025-05-07 08:24:35,12.875
2025-05-07 08:25:41,12.8125
2025-05-07 08:26:46,12.875
2025-05-07 08:27:52,12.75
2025-05-07 08:28:58,12.875
2025-05-07 08:30:04,13.0625
2025-05-07 08:31:09,13.0625
2025-05-07 08:32:15,13.0625
2025-05-07 08:33:21,13.0
2025-05-07 08:34:27,13.0625
2025-05-07 08:35:33,12.9375
2025-05-07 08:36:38,13.0
2025-05-07 08:37:44,12.875
2025-05-07 08:38:50,13.0
2025-05-07 08:39:56,13.125
2025-05-07 08:41:01,13.0
2025-05-07 08:42:07,13.0
2025-05-07 08:43:13,12.9375
2025-05-07 08:44:19,12.5625
2025-05-07 08:45:25,12.5
2025-05-07 08:46:30,12.75
2025-05-07 08:47:36,13.0
2025-05-07 08:48:42,12.875
2025-05-07 08:49:48,12.8125
2025-05-07 08:50:53,12.6875
2025-05-07 08:51:59,12.75
2025-05-07 08:53:05,12.6875
2025-05-07 08:54:11,12.8125
2025-05-07 08:55:16,12.9375
2025-05-07 08:56:22,13.0
2025-05-07 08:57:28,13.125
2025-05-07 08:58:34,13.25
2025-05-07 08:59:39,13.4375
2025-05-07 09:00:45,13.5
2025-05-07 09:01:51,13.6875
2025-05-07 09:02:57,13.75
2025-05-07 09:04:02,13.75
2025-05-07 09:05:08,13.875
2025-05-07 09:06:14,13.875
2025-05-07 09:07:20,13.9375
2025-05-07 09:08:26,14.0
2025-05-07 09:09:31,14.0625
2025-05-07 09:10:37,14.0
2025-05-07 09:11:43,14.0
2025-05-07 09:12:49,14.25
2025-05-07 09:13:55,14.3125
2025-05-07 09:15:01,14.25
2025-05-07 09:16:06,14.375
2025-05-07 09:17:12,14.4375
2025-05-07 09:18:18,14.5
2025-05-07 09:19:24,14.5
2025-05-07 09:20:30,14.1875
2025-05-07 09:21:35,14.25
2025-05-07 09:22:41,14.3125
2025-05-07 09:23:47,14.4375
2025-05-07 09:24:53,14.5
2025-05-07 09:25:59,14.0625
2025-05-07 09:27:04,14.0
2025-05-07 09:28:10,14.0
2025-05-07 09:29:16,14.1875
2025-05-07 09:30:22,13.9375
2025-05-07 09:31:27,14.0625
2025-05-07 09:32:33,14.0625
2025-05-07 09:33:39,14.1875
2025-05-07 09:34:45,14.125
2025-05-07 09:35:50,14.0
2025-05-07 09:36:56,14.1875
2025-05-07 09:38:02,13.75
2025-05-07 09:39:08,13.8125
2025-05-07 09:40:13,13.625
2025-05-07 09:41:19,13.6875
2025-05-07 09:42:25,13.6875
2025-05-07 09:43:31,13.5625
2025-05-07 09:44:36,13.9375
2025-05-07 09:45:42,14.0
2025-05-07 09:46:48,13.625
2025-05-07 09:47:54,13.8125
2025-05-07 09:49:00,14.0
2025-05-07 09:50:05,13.9375
2025-05-07 09:51:11,13.875
2025-05-07 09:52:17,13.9375
2025-05-07 09:53:23,13.8125
2025-05-07 09:54:29,13.8125
2025-05-07 09:55:34,13.8125
2025-05-07 09:56:40,13.6875
2025-05-07 09:57:46,13.8125
2025-05-07 09:58:52,13.8125
2025-05-07 09:59:57,13.75
2025-05-07 10:01:03,13.875
2025-05-07 10:02:09,13.8125
2025-05-07 10:03:15,14.0
2025-05-07 10:04:20,14.125
2025-05-07 10:05:26,13.9375
2025-05-07 10:06:32,13.875
2025-05-07 10:07:38,13.875
2025-05-07 10:08:44,13.9375
2025-05-07 10:09:49,13.9375
2025-05-07 10:10:55,13.875
2025-05-07 10:12:01,13.875
2025-05-07 10:13:07,14.0625
2025-05-07 10:14:12,14.0
2025-05-07 10:15:18,14.0625
2025-05-07 10:16:24,14.125
2025-05-07 10:17:30,14.0625
2025-05-07 10:18:36,13.9375
2025-05-07 10:19:41,13.875
2025-05-07 10:20:47,13.75
2025-05-07 10:21:53,14.0
2025-05-07 10:22:59,13.875
2025-05-07 10:24:04,13.8125
2025-05-07 10:25:10,13.8125
2025-05-07 10:26:16,14.0
2025-05-07 10:27:22,14.125
2025-05-07 10:28:28,14.0625
2025-05-07 10:29:33,14.0
2025-05-07 10:30:39,14.375
2025-05-07 10:31:45,14.375
2025-05-07 10:32:50,14.125
2025-05-07 10:33:56,14.3125
2025-05-07 10:35:02,14.375
2025-05-07 10:36:08,14.0
2025-05-07 10:37:14,14.125
2025-05-07 10:38:19,14.125
2025-05-07 10:39:25,13.9375
2025-05-07 10:40:31,14.1875
2025-05-07 10:41:37,14.375
2025-05-07 10:42:43,14.1875
2025-05-07 10:43:48,14.375
2025-05-07 10:44:54,14.1875
2025-05-07 10:46:00,14.375
2025-05-07 10:47:06,14.4375
2025-05-07 10:48:11,14.3125
2025-05-07 10:49:17,14.375
2025-05-07 10:50:23,14.5
2025-05-07 10:51:29,14.5625
2025-05-07 10:52:34,14.75
2025-05-07 10:53:40,14.6875
2025-05-07 10:54:46,14.8125
2025-05-07 10:55:52,14.8125
2025-05-07 10:56:57,14.9375
2025-05-07 10:58:03,14.625
2025-05-07 10:59:09,14.5
2025-05-07 11:00:15,14.5
2025-05-07 11:01:21,14.3125
2025-05-07 11:02:26,14.75
2025-05-07 11:03:32,14.8125
2025-05-07 11:04:38,14.75
2025-05-07 11:05:44,14.8125
2025-05-07 11:06:50,14.9375
2025-05-07 11:07:55,15.0
2025-05-07 11:09:01,15.0625
2025-05-07 11:10:07,14.875
2025-05-07 11:11:12,15.0
2025-05-07 11:12:18,14.625
2025-05-07 11:13:24,14.5625
2025-05-07 11:14:31,14.5625
2025-05-07 11:15:37,14.625
2025-05-07 11:16:42,14.5625
2025-05-07 11:17:48,14.5625
2025-05-07 11:18:54,14.8125
2025-05-07 11:20:00,14.8125
2025-05-07 11:21:06,15.0
2025-05-07 11:22:11,15.0
2025-05-07 11:23:17,14.875
2025-05-07 11:24:23,14.4375
2025-05-07 11:25:29,14.5625
2025-05-07 11:26:34,14.8125
2025-05-07 11:27:40,14.5
2025-05-07 11:28:46,14.6875
2025-05-07 11:29:52,14.6875
2025-05-07 11:30:57,14.625
2025-05-07 11:32:03,14.75
2025-05-07 11:33:09,14.75
2025-05-07 11:34:15,14.875
2025-05-07 11:35:20,14.9375
2025-05-07 11:36:26,15.0
2025-05-07 11:37:32,14.875
2025-05-07 11:38:38,14.6875
2025-05-07 11:39:43,14.625
2025-05-07 11:40:49,14.8125
2025-05-07 11:41:55,14.875
2025-05-07 11:43:01,15.0625
2025-05-07 11:44:06,15.0625
2025-05-07 11:45:12,14.6875
2025-05-07 11:46:18,14.75
2025-05-07 11:47:24,14.8125
2025-05-07 11:48:30,14.6875
2025-05-07 11:49:36,14.9375
2025-05-07 11:50:41,14.375
2025-05-07 11:51:47,14.5625
2025-05-07 11:52:53,14.75
2025-05-07 11:53:59,14.8125
2025-05-07 11:55:05,14.75
2025-05-07 11:56:11,14.875
2025-05-07 11:57:17,15.125
2025-05-07 11:58:22,15.0625
2025-05-07 11:59:28,15.125
2025-05-07 12:00:34,15.0
2025-05-07 12:01:40,14.875
2025-05-07 12:02:46,15.0
2025-05-07 12:03:52,14.8125
2025-05-07 12:04:57,15.0
2025-05-07 12:06:03,14.75
2025-05-07 12:07:09,14.8125
2025-05-07 12:08:15,14.875
2025-05-07 12:09:20,14.9375
2025-05-07 12:10:26,15.125
2025-05-07 12:11:32,15.1875
2025-05-07 12:12:38,15.375
2025-05-07 12:13:44,15.1875
2025-05-07 12:14:49,15.3125
2025-05-07 12:15:55,15.375
2025-05-07 12:17:01,15.1875
2025-05-07 12:18:07,15.375
2025-05-07 12:19:12,15.4375
2025-05-07 12:20:18,15.5625
2025-05-07 12:21:24,15.75
2025-05-07 12:22:30,15.5
2025-05-07 12:23:36,15.4375
2025-05-07 12:24:41,15.25
2025-05-07 12:25:47,14.875
2025-05-07 12:26:53,15.1875
2025-05-07 12:27:59,15.1875
2025-05-07 12:29:04,15.375
2025-05-07 12:30:10,15.1875
2025-05-07 12:31:16,15.0625
2025-05-07 12:32:22,15.3125
2025-05-07 12:33:27,15.3125
2025-05-07 12:34:33,15.375
2025-05-07 12:35:39,15.4375
2025-05-07 12:36:45,15.4375
2025-05-07 12:37:50,15.3125
2025-05-07 12:38:56,15.4375
2025-05-07 12:40:02,15.5
2025-05-07 12:41:08,15.5625
2025-05-07 12:42:14,15.5
2025-05-07 12:43:19,15.375
2025-05-07 12:44:25,15.375
2025-05-07 12:45:31,15.4375
2025-05-07 12:46:37,15.3125
2025-05-07 12:47:42,15.5625
2025-05-07 12:48:48,15.5625
2025-05-07 12:49:54,15.4375
2025-05-07 12:50:59,15.4375
2025-05-07 12:52:05,15.25
2025-05-07 12:53:11,15.375
2025-05-07 12:54:17,15.375
2025-05-07 12:55:23,15.3125
2025-05-07 12:56:29,15.375
2025-05-07 12:57:34,15.3125
2025-05-07 12:58:40,15.375
2025-05-07 12:59:46,15.1875
2025-05-07 13:00:52,15.25
2025-05-07 13:01:57,15.3125
2025-05-07 13:03:03,15.3125
2025-05-07 13:04:09,15.3125
2025-05-07 13:05:14,15.3125
2025-05-07 13:06:20,15.4375
2025-05-07 13:07:26,15.375
2025-05-07 13:08:32,15.4375
2025-05-07 13:09:37,15.4375
2025-05-07 13:10:43,15.5625
2025-05-07 13:11:49,15.4375
2025-05-07 13:12:55,15.375
2025-05-07 13:14:01,15.4375
2025-05-07 13:15:06,15.75
2025-05-07 13:16:12,15.75
2025-05-07 13:17:18,15.75
2025-05-07 13:18:24,15.9375
2025-05-07 13:19:29,15.875
2025-05-07 13:20:35,15.8125
2025-05-07 13:21:41,15.625
2025-05-07 13:22:47,15.25
2025-05-07 13:23:52,15.5
2025-05-07 13:24:58,15.5625
2025-05-07 13:26:04,15.4375
2025-05-07 13:27:10,15.3125
2025-05-07 13:28:16,15.5
2025-05-07 13:29:22,15.1875
2025-05-07 13:30:27,15.25
2025-05-07 13:31:33,15.125
2025-05-07 13:32:39,15.1875
2025-05-07 13:33:45,15.125
2025-05-07 13:34:50,15.3125
2025-05-07 13:35:56,15.0625
2025-05-07 13:37:02,15.125
2025-05-07 13:38:08,15.0625
2025-05-07 13:39:13,15.1875
2025-05-07 13:40:19,15.0
2025-05-07 13:41:25,15.125
2025-05-07 13:42:31,15.0625
2025-05-07 13:43:36,15.25
2025-05-07 13:44:42,15.375
2025-05-07 13:45:48,15.5625
2025-05-07 13:46:54,15.6875
2025-05-07 13:48:00,15.5625
2025-05-07 13:49:05,15.375
2025-05-07 13:50:11,15.4375
2025-05-07 13:51:17,15.8125
2025-05-07 13:52:23,15.5
2025-05-07 13:53:28,15.125
2025-05-07 13:54:34,15.3125
2025-05-07 13:55:40,15.25
2025-05-07 13:56:46,15.375
2025-05-07 13:57:51,15.25
2025-05-07 13:58:57,15.25
2025-05-07 14:00:03,15.3125
2025-05-07 14:01:09,15.375
2025-05-07 14:02:14,15.125
2025-05-07 14:03:20,14.9375
2025-05-07 14:04:26,15.125
2025-05-07 14:05:32,14.75
2025-05-07 14:06:37,14.9375
2025-05-07 14:07:43,14.75
2025-05-07 14:08:49,15.0625
2025-05-07 14:09:55,15.1875
2025-05-07 14:11:01,15.0
2025-05-07 14:12:06,15.0
2025-05-07 14:13:12,14.6875
2025-05-07 14:14:18,14.75
2025-05-07 14:15:24,14.875
2025-05-07 14:16:30,14.9375
2025-05-07 14:17:35,14.4375
2025-05-07 14:18:41,14.375
2025-05-07 14:19:47,14.3125
2025-05-07 14:20:53,14.4375
2025-05-07 14:21:58,14.3125
2025-05-07 14:23:04,14.5625
2025-05-07 14:24:10,14.5
2025-05-07 14:25:16,14.6875
2025-05-07 14:26:22,14.625
2025-05-07 14:27:27,14.6875
2025-05-07 14:28:33,14.875
2025-05-07 14:29:39,14.9375
2025-05-07 14:30:45,14.9375
2025-05-07 14:31:50,15.0
2025-05-07 14:32:56,15.125
2025-05-07 14:34:02,15.1875
2025-05-07 14:35:08,15.3125
2025-05-07 14:36:13,15.0625
2025-05-07 14:37:19,15.0625
2025-05-07 14:38:25,15.125
2025-05-07 14:39:31,15.0
2025-05-07 14:40:36,14.8125
2025-05-07 14:41:42,14.9375
2025-05-07 14:42:48,14.8125
2025-05-07 14:43:54,14.875
2025-05-07 14:45:00,14.875
2025-05-07 14:46:06,15.0
2025-05-07 14:47:11,15.0625
2025-05-07 14:48:17,14.9375
2025-05-07 14:49:23,15.1875
2025-05-07 14:50:28,15.0
2025-05-07 14:51:34,15.0
2025-05-07 14:52:40,15.0
2025-05-07 14:53:46,15.0625
2025-05-07 14:54:52,15.0
2025-05-07 14:55:57,15.125
2025-05-07 14:57:03,15.1875
2025-05-07 14:58:09,15.5
2025-05-07 14:59:15,15.25
2025-05-07 15:00:20,15.1875
2025-05-07 15:01:26,15.0
2025-05-07 15:02:32,15.3125
2025-05-07 15:03:38,15.125
2025-05-07 15:04:43,15.0625
2025-05-07 15:05:49,14.9375
2025-05-07 15:06:55,15.0
2025-05-07 15:08:01,14.875
2025-05-07 15:09:07,14.875
2025-05-07 15:10:12,14.875
2025-05-07 15:11:18,14.8125
2025-05-07 15:12:24,14.75
2025-05-07 15:13:30,14.5625
2025-05-07 15:14:36,14.75
2025-05-07 15:15:41,14.9375
2025-05-07 15:16:47,14.75
2025-05-07 15:17:53,14.8125
2025-05-07 15:18:59,14.75
2025-05-07 15:20:04,14.5625
2025-05-07 15:21:10,14.6875
2025-05-07 15:22:16,14.4375
2025-05-07 15:23:22,14.375
2025-05-07 15:24:28,14.75
2025-05-07 15:25:33,14.75
2025-05-07 15:26:39,14.4375
2025-05-07 15:27:45,14.625
2025-05-07 15:28:51,14.6875
2025-05-07 15:29:57,14.75
2025-05-07 15:31:02,14.8125
2025-05-07 15:32:08,14.6875
2025-05-07 15:33:14,14.5625
2025-05-07 15:34:20,14.6875
2025-05-07 15:35:26,14.6875
2025-05-07 15:36:32,14.8125
2025-05-07 15:37:37,14.6875
2025-05-07 15:38:43,14.75
2025-05-07 15:39:49,14.625
2025-05-07 15:40:55,14.625
2025-05-07 15:42:00,14.375
2025-05-07 15:43:06,14.3125
2025-05-07 15:44:12,14.5625
2025-05-07 15:45:18,14.625
2025-05-07 15:46:23,14.75
2025-05-07 15:47:29,14.6875
2025-05-07 15:48:35,14.6875
2025-05-07 15:49:41,14.8125
2025-05-07 15:50:46,14.75
2025-05-07 15:51:52,14.875
2025-05-07 15:52:58,14.9375
2025-05-07 15:54:04,15.125
2025-05-07 15:55:10,15.1875
2025-05-07 15:56:16,15.1875
2025-05-07 15:57:21,15.125
2025-05-07 15:58:27,14.8125
2025-05-07 15:59:33,14.875
2025-05-07 16:00:39,15.125
2025-05-07 16:01:44,14.9375
2025-05-07 16:02:50,15.0625
2025-05-07 16:03:56,15.0625
2025-05-07 16:05:02,14.9375
2025-05-07 16:06:08,15.0
2025-05-07 16:07:13,15.0625
2025-05-07 16:08:19,15.1875
2025-05-07 16:09:25,15.375
2025-05-07 16:10:31,15.125
2025-05-07 16:11:37,15.1875
2025-05-07 16:12:42,15.3125
2025-05-07 16:13:48,15.25
2025-05-07 16:14:54,15.25
2025-05-07 16:16:00,15.3125
2025-05-07 16:17:05,15.4375
2025-05-07 16:18:11,15.3125
2025-05-07 16:19:17,15.0
2025-05-07 16:20:23,15.1875
2025-05-07 16:21:29,15.0
2025-05-07 16:22:34,15.1875
2025-05-07 16:23:40,15.1875
2025-05-07 16:24:46,15.625
2025-05-07 16:25:52,15.625
2025-05-07 16:26:57,15.3125
2025-05-07 16:28:03,15.375
2025-05-07 16:29:09,15.1875
2025-05-07 16:30:15,15.5
2025-05-07 16:31:21,15.375
2025-05-07 16:32:26,15.375
2025-05-07 16:33:32,15.3125
2025-05-07 16:34:38,15.5
2025-05-07 16:35:44,15.375
2025-05-07 16:36:50,15.1875
2025-05-07 16:37:55,15.625
2025-05-07 16:39:01,15.5
2025-05-07 16:40:07,15.375
2025-05-07 16:41:13,15.4375
2025-05-07 16:42:19,15.375
2025-05-07 16:43:24,15.375
2025-05-07 16:44:30,15.375
2025-05-07 16:45:36,15.375
2025-05-07 16:46:42,15.4375
2025-05-07 16:47:48,15.4375
2025-05-07 16:48:54,15.5
2025-05-07 16:49:59,15.625
2025-05-07 16:51:05,15.6875
2025-05-07 16:52:11,15.5625
2025-05-07 16:53:16,15.5625
2025-05-07 16:54:22,15.5625
2025-05-07 16:55:28,15.5
2025-05-07 16:56:34,15.3125
2025-05-07 16:57:40,15.125
2025-05-07 16:58:45,15.125
2025-05-07 16:59:51,15.125
2025-05-07 17:00:57,15.1875
2025-05-07 17:02:03,15.125
2025-05-07 17:03:09,15.125
2025-05-07 17:04:14,15.25
2025-05-07 17:05:20,15.3125
2025-05-07 17:06:26,15.375
2025-05-07 17:07:32,15.0
2025-05-07 17:08:38,15.0625
2025-05-07 17:09:43,15.25
2025-05-07 17:10:49,15.375
2025-05-07 17:11:55,15.375
2025-05-07 17:13:01,15.375
2025-05-07 17:14:06,15.1875
2025-05-07 17:15:12,15.125
2025-05-07 17:16:18,15.0625
2025-05-07 17:17:24,15.125
2025-05-07 17:18:30,15.0625
2025-05-07 17:19:35,15.0
2025-05-07 17:20:41,15.1875
2025-05-07 17:21:47,15.1875
2025-05-07 17:22:53,15.125
2025-05-07 17:23:59,14.9375
2025-05-07 17:25:04,15.0
2025-05-07 17:26:10,15.1875
2025-05-07 17:27:16,15.0
2025-05-07 17:28:22,15.0625
2025-05-07 17:29:27,14.9375
2025-05-07 17:30:33,14.875
2025-05-07 17:31:39,14.9375
2025-05-07 17:32:45,14.9375
2025-05-07 17:33:51,15.0
2025-05-07 17:34:56,15.0
2025-05-07 17:36:02,14.9375
2025-05-07 17:37:08,15.0
2025-05-07 17:38:14,14.875
2025-05-07 17:39:19,14.75
2025-05-07 17:40:25,15.0
2025-05-07 17:41:31,15.125
2025-05-07 17:42:37,15.125
2025-05-07 17:43:42,15.25
2025-05-07 17:44:48,15.0
2025-05-07 17:45:54,14.8125
2025-05-07 17:47:00,14.625
2025-05-07 17:48:05,14.625
2025-05-07 17:49:11,14.8125
2025-05-07 17:50:17,14.875
2025-05-07 17:51:23,14.8125
2025-05-07 17:52:28,14.6875
2025-05-07 17:53:34,14.5625
2025-05-07 17:54:40,14.875
2025-05-07 17:55:46,14.5625
2025-05-07 17:56:51,14.375
2025-05-07 17:57:57,14.4375
2025-05-07 17:59:03,14.5625
2025-05-07 18:00:09,14.625
2025-05-07 18:01:14,14.6875
2025-05-07 18:02:20,14.625
2025-05-07 18:03:26,14.6875
2025-05-07 18:04:32,14.5
2025-05-07 18:05:38,14.4375
2025-05-07 18:06:43,14.4375
2025-05-07 18:07:49,14.625
2025-05-07 18:08:55,14.5
2025-05-07 18:10:01,14.5
2025-05-07 18:11:06,14.4375
2025-05-07 18:12:12,14.4375
2025-05-07 18:13:18,14.375
2025-05-07 18:14:24,14.5625
2025-05-07 18:15:30,14.375
2025-05-07 18:16:36,14.3125
2025-05-07 18:17:41,14.375
2025-05-07 18:18:47,14.4375
2025-05-07 18:19:53,14.375
2025-05-07 18:20:59,14.4375
2025-05-07 18:22:04,14.4375
2025-05-07 18:23:10,14.5
2025-05-07 18:24:16,14.4375
2025-05-07 18:25:22,14.3125
2025-05-07 18:26:27,14.375
2025-05-07 18:27:33,14.4375
2025-05-07 18:28:39,14.4375
2025-05-07 18:29:45,14.375
2025-05-07 18:30:50,14.5
2025-05-07 18:31:56,14.625
2025-05-07 18:33:02,14.3125
2025-05-07 18:34:08,14.1875
2025-05-07 18:35:14,14.25
2025-05-07 18:36:20,14.25
2025-05-07 18:37:25,14.4375
2025-05-07 18:38:31,14.5
2025-05-07 18:39:37,14.375
2025-05-07 18:40:43,14.5
2025-05-07 18:41:48,14.5
2025-05-07 18:42:54,14.375
2025-05-07 18:44:00,14.3125
2025-05-07 18:45:06,14.1875
2025-05-07 18:46:11,14.25
2025-05-07 18:47:17,14.25
2025-05-07 18:48:23,14.25
2025-05-07 18:49:29,14.0625
2025-05-07 18:50:34,14.0
2025-05-07 18:51:40,14.125
2025-05-07 18:52:46,14.125
2025-05-07 18:53:52,14.1875
2025-05-07 18:54:58,14.1875
2025-05-07 18:56:03,14.0625
2025-05-07 18:57:09,14.125
2025-05-07 18:58:15,13.9375
2025-05-07 18:59:21,14.125
2025-05-07 19:00:26,14.0625
2025-05-07 19:01:32,14.125
2025-05-07 19:02:38,14.125
2025-05-07 19:03:44,14.0
2025-05-07 19:04:50,13.9375
2025-05-07 19:05:55,13.9375
2025-05-07 19:07:01,13.75
2025-05-07 19:08:07,14.0
2025-05-07 19:09:13,14.0625
2025-05-07 19:10:18,14.0625
2025-05-07 19:11:24,14.0625
2025-05-07 19:12:30,14.0
2025-05-07 19:13:36,13.8125
2025-05-07 19:14:42,13.6875
2025-05-07 19:15:47,13.75
2025-05-07 19:16:53,13.8125
2025-05-07 19:17:59,13.875
2025-05-07 19:19:05,13.875
2025-05-07 19:20:10,13.8125
2025-05-07 19:21:16,13.9375
2025-05-07 19:22:22,14.125
2025-05-07 19:23:28,13.875
2025-05-07 19:24:34,13.9375
2025-05-07 19:25:39,14.0
2025-05-07 19:26:45,14.0
2025-05-07 19:27:51,14.0
2025-05-07 19:28:57,14.0
2025-05-07 19:30:02,14.1875
2025-05-07 19:31:08,14.0
2025-05-07 19:32:14,14.0
2025-05-07 19:33:20,14.0
2025-05-07 19:34:25,14.0
2025-05-07 19:35:31,14.0
2025-05-07 19:36:37,13.9375
2025-05-07 19:37:43,14.0
2025-05-07 19:38:48,13.875
2025-05-07 19:39:54,13.9375
2025-05-07 19:41:00,14.125
2025-05-07 19:42:06,14.125
2025-05-07 19:43:12,14.1875
2025-05-07 19:44:17,14.125
2025-05-07 19:45:23,13.875
2025-05-07 19:46:29,13.9375
2025-05-07 19:47:35,13.9375
2025-05-07 19:48:40,13.875
2025-05-07 19:49:46,13.875
2025-05-07 19:50:52,13.875
2025-05-07 19:51:58,13.9375
2025-05-07 19:53:03,13.9375
2025-05-07 19:54:09,13.9375
2025-05-07 19:55:15,14.0625
2025-05-07 19:56:21,13.875
2025-05-07 19:57:26,13.9375
2025-05-07 19:58:32,13.9375
2025-05-07 19:59:38,13.9375
2025-05-07 20:00:44,13.875
2025-05-07 20:01:50,13.875
2025-05-07 20:02:55,13.75
2025-05-07 20:04:01,13.8125
2025-05-07 20:05:07,13.75
2025-05-07 20:06:13,13.6875
2025-05-07 20:07:18,13.875
2025-05-07 20:08:24,13.6875
2025-05-07 20:09:30,13.6875
2025-05-07 20:10:36,13.6875
2025-05-07 20:11:41,13.5
2025-05-07 20:12:47,13.5625
2025-05-07 20:13:53,13.6875
2025-05-07 20:14:59,13.5
2025-05-07 20:16:05,13.375
2025-05-07 20:17:10,13.375
2025-05-07 20:18:16,13.375
2025-05-07 20:19:22,13.3125
2025-05-07 20:20:28,13.3125
2025-05-07 20:21:33,13.3125
2025-05-07 20:22:39,13.25
2025-05-07 20:23:45,13.125
2025-05-07 20:24:51,13.0625
2025-05-07 20:25:56,13.0625
2025-05-07 20:27:02,13.0
2025-05-07 20:28:08,13.125
2025-05-07 20:29:14,12.9375
2025-05-07 20:30:19,13.0
2025-05-07 20:31:25,12.8125
2025-05-07 20:32:31,12.875
2025-05-07 20:33:37,12.875
2025-05-07 20:34:43,13.0
2025-05-07 20:35:48,13.0
2025-05-07 20:36:54,12.75
2025-05-07 20:38:00,12.625
2025-05-07 20:39:06,12.625
2025-05-07 20:40:11,12.6875
2025-05-07 20:41:17,12.6875
2025-05-07 20:42:23,12.6875
2025-05-07 20:43:29,12.625
2025-05-07 20:44:34,12.5
2025-05-07 20:45:40,12.5625
2025-05-07 20:46:46,12.4375
2025-05-07 20:47:52,12.375
2025-05-07 20:48:58,12.3125
2025-05-07 20:50:03,12.25
2025-05-07 20:51:09,12.4375
2025-05-07 20:52:15,12.25
2025-05-07 20:53:21,12.1875
2025-05-07 20:54:27,12.1875
2025-05-07 20:55:32,12.25
2025-05-07 20:56:38,12.3125
2025-05-07 20:57:44,12.1875
2025-05-07 20:58:50,12.125
2025-05-07 20:59:55,12.0625
2025-05-07 21:01:01,12.125
2025-05-07 21:02:07,12.0625
2025-05-07 21:03:13,12.125
2025-05-07 21:04:19,12.0
2025-05-07 21:05:24,12.0
2025-05-07 21:06:30,12.0
2025-05-07 21:07:36,12.0
2025-05-07 21:08:42,11.875
2025-05-07 21:09:48,12.0
2025-05-07 21:10:53,11.9375
2025-05-07 21:11:59,11.875
2025-05-07 21:13:05,11.875
2025-05-07 21:14:10,11.8125
2025-05-07 21:15:16,11.875
2025-05-07 21:16:22,11.625
2025-05-07 21:17:28,11.6875
2025-05-07 21:18:34,11.6875
2025-05-07 21:19:40,11.75
2025-05-07 21:20:45,11.6875
2025-05-07 21:21:51,11.75
2025-05-07 21:22:57,11.625
2025-05-07 21:24:03,11.6875
2025-05-07 21:25:08,11.6875
2025-05-07 21:26:14,11.5625
2025-05-07 21:27:20,11.625
2025-05-07 21:28:26,11.625
2025-05-07 21:29:32,11.5625
2025-05-07 21:30:37,11.5
2025-05-07 21:31:43,11.5625
2025-05-07 21:32:49,11.5625
2025-05-07 21:33:55,11.5625
2025-05-07 21:35:00,11.5
2025-05-07 21:36:06,11.375
2025-05-07 21:37:12,11.375
2025-05-07 21:38:18,11.4375
2025-05-07 21:39:24,11.375
2025-05-07 21:40:29,11.3125
2025-05-07 21:41:35,11.3125
2025-05-07 21:42:41,11.3125
2025-05-07 21:43:47,11.125
2025-05-07 21:44:52,11.125
2025-05-07 21:45:58,11.0625
2025-05-07 21:47:04,11.0
2025-05-07 21:48:10,11.0
2025-05-07 21:49:16,11.0625
2025-05-07 21:50:21,10.9375
2025-05-07 21:51:27,10.9375
2025-05-07 21:52:33,10.875
2025-05-07 21:53:39,10.875
2025-05-07 21:54:44,10.8125
2025-05-07 21:55:50,10.875
2025-05-07 21:56:56,10.75
2025-05-07 21:58:02,10.75
2025-05-07 21:59:08,10.8125
2025-05-07 22:00:13,10.8125
2025-05-07 22:01:19,10.8125
2025-05-07 22:02:25,10.6875
2025-05-07 22:03:31,10.625
2025-05-07 22:04:37,10.5
2025-05-07 22:05:42,10.625
2025-05-07 22:06:48,10.5
2025-05-07 22:07:54,10.125
2025-05-07 22:09:00,10.375
2025-05-07 22:10:06,10.4375
2025-05-07 22:11:11,10.4375
2025-05-07 22:12:17,10.4375
2025-05-07 22:13:23,10.375
2025-05-07 22:14:28,10.3125
2025-05-07 22:15:34,10.3125
2025-05-07 22:16:40,10.25
2025-05-07 22:17:46,10.1875
2025-05-07 22:18:52,10.1875
2025-05-07 22:19:58,10.1875
2025-05-07 22:21:03,10.125
2025-05-07 22:22:09,9.9375
2025-05-07 22:23:15,9.9375
2025-05-07 22:24:21,9.75
2025-05-07 22:25:26,9.75
2025-05-07 22:26:32,9.875
2025-05-07 22:27:38,9.8125
2025-05-07 22:28:44,9.8125
2025-05-07 22:29:50,9.8125
2025-05-07 22:30:56,9.8125
2025-05-07 22:32:01,9.875
2025-05-07 22:33:07,9.8125
2025-05-07 22:34:13,9.75
2025-05-07 22:35:19,9.8125
2025-05-07 22:36:24,9.875
2025-05-07 22:37:30,9.875
2025-05-07 22:38:36,9.8125
2025-05-07 22:39:42,9.6875
2025-05-07 22:40:48,9.75
2025-05-07 22:41:54,9.6875
2025-05-07 22:42:59,9.6875
2025-05-07 22:44:05,9.625
2025-05-07 22:45:11,9.625
2025-05-07 22:46:17,9.6875
2025-05-07 22:47:22,9.625
2025-05-07 22:48:28,9.5625
2025-05-07 22:49:34,9.5
2025-05-07 22:50:40,9.4375
2025-05-07 22:51:46,9.4375
2025-05-07 22:52:51,9.4375
2025-05-07 22:53:57,9.375
2025-05-07 22:55:03,9.375
2025-05-07 22:56:09,9.375
2025-05-07 22:57:15,9.375
2025-05-07 22:58:20,9.3125
2025-05-07 22:59:26,9.25
2025-05-07 23:00:32,9.25
2025-05-07 23:01:38,9.1875
2025-05-07 23:02:44,9.1875
2025-05-07 23:03:49,9.125
2025-05-07 23:04:55,9.0625
2025-05-07 23:06:01,9.0
2025-05-07 23:07:06,8.9375
2025-05-07 23:08:13,9.0
2025-05-07 23:09:18,9.3125
2025-05-07 23:10:24,9.125
2025-05-07 23:11:30,9.0
2025-05-07 23:12:36,9.0
2025-05-07 23:13:41,9.0
2025-05-07 23:14:47,9.0
2025-05-07 23:15:53,9.0
2025-05-07 23:16:59,8.9375
2025-05-07 23:18:05,8.875
2025-05-07 23:19:11,8.8125
2025-05-07 23:20:16,8.8125
2025-05-07 23:21:22,8.8125
2025-05-07 23:22:28,8.8125
2025-05-07 23:23:34,8.8125
2025-05-07 23:24:39,8.6875
2025-05-07 23:25:45,8.5
2025-05-07 23:26:51,8.625
2025-05-07 23:27:57,8.625
2025-05-07 23:29:03,8.5
2025-05-07 23:30:08,8.5
2025-05-07 23:31:14,8.5
2025-05-07 23:32:20,8.5
2025-05-07 23:33:26,8.5
2025-05-07 23:34:31,8.5
2025-05-07 23:35:37,8.5625
2025-05-07 23:36:43,8.5
2025-05-07 23:37:49,8.5625
2025-05-07 23:38:54,8.5
2025-05-07 23:40:00,8.4375
2025-05-07 23:41:06,8.4375
2025-05-07 23:42:12,8.4375
2025-05-07 23:43:18,8.4375
2025-05-07 23:44:23,8.375
2025-05-07 23:45:29,8.3125
2025-05-07 23:46:35,8.3125
2025-05-07 23:47:41,8.25
2025-05-07 23:48:47,8.25
2025-05-07 23:49:53,8.25
2025-05-07 23:50:58,8.25
2025-05-07 23:52:04,8.0625
2025-05-07 23:53:10,7.8125
2025-05-07 23:54:16,7.8125
2025-05-07 23:55:21,7.875
2025-05-07 23:56:27,7.875
2025-05-07 23:57:33,7.875
2025-05-07 23:58:39,7.875
2025-05-07 23:59:45,7.875
2025-05-08 00:00:50,7.875
2025-05-08 00:01:56,7.875
2025-05-08 00:03:02,7.8125
2025-05-08 00:04:08,7.875
2025-05-08 00:05:14,7.8125
2025-05-08 00:06:19,7.75
2025-05-08 00:07:25,7.5625
2025-05-08 00:08:31,7.5
2025-05-08 00:09:37,7.625
2025-05-08 00:10:42,7.6875
2025-05-08 00:11:48,7.6875
2025-05-08 00:12:54,7.625
2025-05-08 00:14:00,7.625
2025-05-08 00:15:06,7.625
2025-05-08 00:16:11,7.5625
2025-05-08 00:17:17,7.5
2025-05-08 00:18:23,7.5
2025-05-08 00:19:29,7.5
2025-05-08 00:20:34,7.5
2025-05-08 00:21:40,7.4375
2025-05-08 00:22:46,7.4375
2025-05-08 00:23:52,7.375
2025-05-08 00:24:58,7.375
2025-05-08 00:26:03,7.3125
2025-05-08 00:27:09,7.375
2025-05-08 00:28:15,7.25
2025-05-08 00:29:21,7.25
2025-05-08 00:30:26,7.1875
2025-05-08 00:31:32,7.1875
2025-05-08 00:32:38,7.1875
2025-05-08 00:33:44,7.1875
2025-05-08 00:34:50,7.25
2025-05-08 00:35:55,7.125
2025-05-08 00:37:01,7.0625
2025-05-08 00:38:07,7.125
2025-05-08 00:39:13,7.1875
2025-05-08 00:40:18,7.125
2025-05-08 00:41:24,6.8125
2025-05-08 00:42:30,6.75
2025-05-08 00:43:36,6.875
2025-05-08 00:44:42,6.9375
2025-05-08 00:45:47,7.0
2025-05-08 00:46:53,7.0
2025-05-08 00:47:59,7.0
2025-05-08 00:49:05,7.0
2025-05-08 00:50:10,7.0
2025-05-08 00:51:16,7.0
2025-05-08 00:52:22,6.875
2025-05-08 00:53:28,6.8125
2025-05-08 00:54:34,6.9375
2025-05-08 00:55:39,6.875
2025-05-08 00:56:45,6.9375
2025-05-08 00:57:51,6.875
2025-05-08 00:58:57,6.8125
2025-05-08 01:00:02,6.6875
2025-05-08 01:01:08,6.75
2025-05-08 01:02:14,6.8125
2025-05-08 01:03:20,6.8125
2025-05-08 01:04:26,6.75
2025-05-08 01:05:31,6.75
2025-05-08 01:06:37,6.8125
2025-05-08 01:07:43,6.875
2025-05-08 01:08:49,6.875
2025-05-08 01:09:55,6.8125
2025-05-08 01:11:00,6.75
2025-05-08 01:12:06,6.75
2025-05-08 01:13:12,6.75
2025-05-08 01:14:18,6.75
2025-05-08 01:15:24,6.6875
2025-05-08 01:16:29,6.6875
2025-05-08 01:17:35,6.625
2025-05-08 01:18:41,6.6875
2025-05-08 01:19:47,6.75
2025-05-08 01:20:52,6.8125
2025-05-08 01:21:58,6.75
2025-05-08 01:23:04,6.625
2025-05-08 01:24:10,6.625
2025-05-08 01:25:16,6.625
2025-05-08 01:26:22,6.625
2025-05-08 01:27:27,6.5
2025-05-08 01:28:33,6.5625
2025-05-08 01:29:39,6.5
2025-05-08 01:30:45,6.5
2025-05-08 01:31:51,6.5
2025-05-08 01:32:56,6.5
2025-05-08 01:34:02,6.5
2025-05-08 01:35:08,6.5
2025-05-08 01:36:14,6.4375
2025-05-08 01:37:19,6.4375
2025-05-08 01:38:25,6.4375
2025-05-08 01:39:31,6.5
2025-05-08 01:40:37,6.375
2025-05-08 01:41:43,6.4375
2025-05-08 01:42:48,6.4375
2025-05-08 01:43:54,6.375
2025-05-08 01:45:00,6.375
2025-05-08 01:46:06,6.375
2025-05-08 01:47:11,6.375
2025-05-08 01:48:17,6.3125
2025-05-08 01:49:23,6.375
2025-05-08 01:50:29,6.3125
2025-05-08 01:51:34,6.3125
2025-05-08 01:52:40,6.3125
2025-05-08 01:53:46,6.3125
2025-05-08 01:54:52,6.3125
2025-05-08 01:55:57,6.3125
2025-05-08 01:57:03,6.25
2025-05-08 01:58:09,6.1875
2025-05-08 01:59:15,6.25
2025-05-08 02:00:21,6.3125
2025-05-08 02:01:26,6.375
2025-05-08 02:02:32,6.3125
2025-05-08 02:03:38,6.3125
2025-05-08 02:04:44,6.3125
2025-05-08 02:05:50,6.375
2025-05-08 02:06:55,6.3125
2025-05-08 02:08:01,6.3125
2025-05-08 02:09:07,6.375
2025-05-08 02:10:12,6.375
2025-05-08 02:11:18,6.3125
2025-05-08 02:12:24,6.25
2025-05-08 02:13:30,6.25
2025-05-08 02:14:36,6.25
2025-05-08 02:15:41,6.1875
2025-05-08 02:16:47,6.1875
2025-05-08 02:17:53,6.25
2025-05-08 02:18:59,6.1875
2025-05-08 02:20:04,6.125
2025-05-08 02:21:10,6.0
2025-05-08 02:22:16,6.125
2025-05-08 02:23:22,6.1875
2025-05-08 02:24:28,6.1875
2025-05-08 02:25:33,6.1875
2025-05-08 02:26:39,6.1875
2025-05-08 02:27:45,6.25
2025-05-08 02:28:51,6.1875
2025-05-08 02:29:57,6.125
2025-05-08 02:31:02,6.125
2025-05-08 02:32:08,6.0
2025-05-08 02:33:14,5.9375
2025-05-08 02:34:20,6.0
2025-05-08 02:35:25,6.125
2025-05-08 02:36:31,6.125
2025-05-08 02:37:37,6.0625
2025-05-08 02:38:43,6.0625
2025-05-08 02:39:49,6.0
2025-05-08 02:40:54,5.9375
2025-05-08 02:42:00,5.875
2025-05-08 02:43:06,5.875
2025-05-08 02:44:12,5.9375
2025-05-08 02:45:18,5.75
2025-05-08 02:46:23,5.875
2025-05-08 02:47:29,5.8125
2025-05-08 02:48:35,5.8125
2025-05-08 02:49:41,5.75
2025-05-08 02:50:46,5.8125
2025-05-08 02:51:52,5.8125
2025-05-08 02:52:58,5.6875
2025-05-08 02:54:04,5.625
2025-05-08 02:55:10,5.75
2025-05-08 02:56:15,5.8125
2025-05-08 02:57:21,5.875
2025-05-08 02:58:27,5.8125
2025-05-08 02:59:33,5.75
2025-05-08 03:00:39,5.6875
2025-05-08 03:01:44,5.75
2025-05-08 03:02:50,5.6875
2025-05-08 03:03:56,5.625
2025-05-08 03:05:02,5.6875
2025-05-08 03:06:07,5.5625
2025-05-08 03:07:13,5.5
2025-05-08 03:08:19,5.5625
2025-05-08 03:09:25,5.4375
2025-05-08 03:10:31,5.5
2025-05-08 03:11:36,5.4375
2025-05-08 03:12:42,5.5625
2025-05-08 03:13:48,5.625
2025-05-08 03:14:54,5.5625
2025-05-08 03:16:00,5.5
2025-05-08 03:17:05,5.5
2025-05-08 03:18:11,5.5
2025-05-08 03:19:17,5.5
2025-05-08 03:20:23,5.4375
2025-05-08 03:21:28,5.375
2025-05-08 03:22:34,5.5
2025-05-08 03:23:40,5.5
2025-05-08 03:24:46,5.5625
2025-05-08 03:25:52,5.5625
2025-05-08 03:26:58,5.625
2025-05-08 03:28:03,5.625
2025-05-08 03:29:09,5.625
2025-05-08 03:30:15,5.5
2025-05-08 03:31:21,5.375
2025-05-08 03:32:26,5.375
2025-05-08 03:33:32,5.5
2025-05-08 03:34:38,5.5
2025-05-08 03:35:44,5.5
2025-05-08 03:36:49,5.4375
2025-05-08 03:37:55,5.5625
2025-05-08 03:39:01,5.75
2025-05-08 03:40:07,6.0
2025-05-08 03:41:13,5.5625
2025-05-08 03:42:18,5.5625
2025-05-08 03:43:24,5.5625
2025-05-08 03:44:30,5.4375
2025-05-08 03:45:36,5.5
2025-05-08 03:46:41,5.5
2025-05-08 03:47:47,5.625
2025-05-08 03:48:53,5.625
2025-05-08 03:49:59,5.625
2025-05-08 03:51:05,5.5625
2025-05-08 03:52:10,5.4375
2025-05-08 03:53:16,5.375
2025-05-08 03:54:22,5.3125
2025-05-08 03:55:28,5.3125
2025-05-08 03:56:34,5.375
2025-05-08 03:57:39,5.375
2025-05-08 03:58:45,5.375
2025-05-08 03:59:51,5.4375
2025-05-08 04:00:57,5.375
2025-05-08 04:02:03,5.25
2025-05-08 04:03:08,5.3125
2025-05-08 04:04:14,5.375
2025-05-08 04:05:20,5.375
2025-05-08 04:06:26,5.4375
2025-05-08 04:07:32,5.375
2025-05-08 04:08:37,5.375
2025-05-08 04:09:43,5.375
2025-05-08 04:10:49,5.25
2025-05-08 04:11:55,5.1875
2025-05-08 04:13:00,5.25
2025-05-08 04:14:06,5.1875
2025-05-08 04:15:12,5.25
2025-05-08 04:16:18,5.1875
2025-05-08 04:17:24,5.25
2025-05-08 04:18:29,5.125
2025-05-08 04:19:35,5.1875
2025-05-08 04:20:41,5.3125
2025-05-08 04:21:47,5.3125
2025-05-08 04:22:52,5.3125
2025-05-08 04:23:58,5.3125
2025-05-08 04:25:04,5.375
2025-05-08 04:26:10,5.375
2025-05-08 04:27:16,5.375
2025-05-08 04:28:22,5.1875
2025-05-08 04:29:27,5.125
2025-05-08 04:30:33,5.25
2025-05-08 04:31:39,5.3125
2025-05-08 04:32:45,5.3125
2025-05-08 04:33:51,5.25
2025-05-08 04:34:56,5.25
2025-05-08 04:36:02,5.3125
2025-05-08 04:37:08,5.1875
2025-05-08 04:38:14,5.1875
2025-05-08 04:39:19,5.3125
2025-05-08 04:40:25,5.1875
2025-05-08 04:41:31,5.3125
2025-05-08 04:42:36,5.3125
2025-05-08 04:43:42,5.1875
2025-05-08 04:44:48,5.125
2025-05-08 04:45:54,5.1875
2025-05-08 04:47:00,5.1875
2025-05-08 04:48:06,5.125
2025-05-08 04:49:11,5.0625
2025-05-08 04:50:17,5.0625
2025-05-08 04:51:23,5.125
2025-05-08 04:52:29,5.0625
2025-05-08 04:53:34,5.125
2025-05-08 04:54:40,5.1875
2025-05-08 04:55:46,5.125
2025-05-08 04:56:52,5.1875
2025-05-08 04:57:58,5.0625
2025-05-08 04:59:04,5.125
2025-05-08 05:00:09,5.1875
2025-05-08 05:01:15,5.1875
2025-05-08 05:02:21,5.125
2025-05-08 05:03:27,5.1875
2025-05-08 05:04:33,5.0
2025-05-08 05:05:38,5.125
2025-05-08 05:06:44,5.125
2025-05-08 05:07:50,5.0625
2025-05-08 05:08:56,5.0
2025-05-08 05:10:02,4.9375
2025-05-08 05:11:08,4.8125
2025-05-08 05:12:14,5.0
2025-05-08 05:13:19,5.0
2025-05-08 05:14:25,5.0625
2025-05-08 05:15:31,5.0625
2025-05-08 05:16:37,5.0
2025-05-08 05:17:43,4.9375
2025-05-08 05:18:49,4.8125
2025-05-08 05:19:54,4.8125
2025-05-08 05:21:00,4.75
2025-05-08 05:22:06,4.8125
2025-05-08 05:23:12,4.875
2025-05-08 05:24:17,4.8125
2025-05-08 05:25:23,4.6875
2025-05-08 05:26:29,4.75
2025-05-08 05:27:34,4.8125
2025-05-08 05:28:40,4.8125
2025-05-08 05:29:46,4.75
2025-05-08 05:30:52,4.8125
2025-05-08 05:31:58,4.875
2025-05-08 05:33:03,4.75
2025-05-08 05:34:09,4.6875
2025-05-08 05:35:15,4.8125
2025-05-08 05:36:21,4.9375
2025-05-08 05:37:26,4.9375
2025-05-08 05:38:32,4.8125
2025-05-08 05:39:38,4.9375
2025-05-08 05:40:44,4.9375
2025-05-08 05:41:49,4.9375
2025-05-08 05:42:55,4.875
2025-05-08 05:44:01,4.6875
2025-05-08 05:45:07,4.6875
2025-05-08 05:46:12,4.75
2025-05-08 05:47:18,4.75
2025-05-08 05:48:24,4.8125
2025-05-08 05:49:30,4.875
2025-05-08 05:50:35,4.8125
2025-05-08 05:51:41,4.75
2025-05-08 05:52:47,4.875
2025-05-08 05:53:53,4.8125
2025-05-08 05:54:59,4.875
2025-05-08 05:56:04,4.8125
2025-05-08 05:57:10,4.9375
2025-05-08 05:58:16,4.875
2025-05-08 05:59:22,4.875
2025-05-08 06:00:28,4.875
2025-05-08 06:01:34,4.875
2025-05-08 06:02:39,4.5625
2025-05-08 06:03:45,4.625
2025-05-08 06:04:51,4.75
2025-05-08 06:05:57,4.8125
2025-05-08 06:07:02,4.875
2025-05-08 06:08:08,4.875
2025-05-08 06:09:14,4.8125
2025-05-08 06:10:20,4.875
2025-05-08 06:11:26,4.75
2025-05-08 06:12:31,4.8125
2025-05-08 06:13:37,4.875
2025-05-08 06:14:43,4.9375
2025-05-08 06:15:49,4.9375
2025-05-08 06:16:55,4.875
2025-05-08 06:18:00,4.9375
2025-05-08 06:19:06,4.875
2025-05-08 06:20:12,4.9375
2025-05-08 06:21:18,5.0
2025-05-08 06:22:23,5.0
2025-05-08 06:23:29,5.0625
2025-05-08 06:24:35,5.125
2025-05-08 06:25:41,5.125
2025-05-08 06:26:46,5.1875
2025-05-08 06:27:52,5.125
2025-05-08 06:28:58,5.25
2025-05-08 06:30:04,5.1875
2025-05-08 06:31:10,5.25
2025-05-08 06:32:15,5.25
2025-05-08 06:33:22,5.1875
2025-05-08 06:34:27,5.1875
2025-05-08 06:35:33,5.25
2025-05-08 06:36:39,5.3125
2025-05-08 06:37:45,5.3125
2025-05-08 06:38:50,5.375
2025-05-08 06:39:56,5.375
2025-05-08 06:41:02,5.4375
2025-05-08 06:42:08,5.5
2025-05-08 06:43:13,5.5625
2025-05-08 06:44:19,5.5625
2025-05-08 06:45:25,5.625
2025-05-08 06:46:31,5.625
2025-05-08 06:47:37,5.5625
2025-05-08 06:48:43,5.625
2025-05-08 06:49:50,5.6875
2025-05-08 06:50:55,5.6875
2025-05-08 06:52:01,5.8125
2025-05-08 06:53:07,5.875
2025-05-08 06:54:13,5.8125
2025-05-08 06:55:19,5.75
2025-05-08 06:56:24,5.8125
2025-05-08 06:57:30,5.6875
2025-05-08 06:58:36,5.875
2025-05-08 06:59:42,5.8125
2025-05-08 07:00:48,5.875
2025-05-08 07:01:54,5.9375
2025-05-08 07:02:59,6.0
2025-05-08 07:04:05,5.875
2025-05-08 07:05:11,5.9375
2025-05-08 07:06:17,6.0
2025-05-08 07:07:23,5.875
2025-05-08 07:08:29,6.0625
2025-05-08 07:09:34,6.125
2025-05-08 07:10:40,6.125
2025-05-08 07:11:46,6.125
2025-05-08 07:12:52,6.1875
2025-05-08 07:13:58,5.9375
2025-05-08 07:15:03,6.0
2025-05-08 07:16:09,5.9375
2025-05-08 07:17:15,6.125
2025-05-08 07:18:21,6.1875
2025-05-08 07:19:26,6.1875
2025-05-08 07:20:32,6.3125
2025-05-08 07:21:38,6.25
2025-05-08 07:22:44,6.3125
2025-05-08 07:23:50,6.3125
2025-05-08 07:24:56,6.25
2025-05-08 07:26:01,6.1875
2025-05-08 07:27:07,6.0625
2025-05-08 07:28:13,6.125
2025-05-08 07:29:19,6.1875
2025-05-08 07:30:25,6.0625
2025-05-08 07:31:30,6.25
2025-05-08 07:32:36,6.3125
2025-05-08 07:33:42,6.375
2025-05-08 07:34:48,6.3125
2025-05-08 07:35:54,6.375
2025-05-08 07:36:59,6.5
2025-05-08 07:38:05,6.5625
2025-05-08 07:39:11,6.5625
2025-05-08 07:40:17,6.5
2025-05-08 07:41:23,6.5625
2025-05-08 07:42:28,6.75
2025-05-08 07:43:34,6.875
2025-05-08 07:44:40,6.6875
2025-05-08 07:45:46,6.75
2025-05-08 07:46:51,6.8125
2025-05-08 07:47:57,6.875
2025-05-08 07:49:03,6.875
2025-05-08 07:50:09,6.875
2025-05-08 07:51:14,7.0625
2025-05-08 07:52:20,7.125
2025-05-08 07:53:26,7.0
2025-05-08 07:54:32,7.0625
2025-05-08 07:55:37,7.125
2025-05-08 07:56:43,7.0625
2025-05-08 07:57:49,7.125
2025-05-08 07:58:55,7.125
2025-05-08 08:00:00,7.3125
2025-05-08 08:01:06,7.375
2025-05-08 08:02:12,7.3125
2025-05-08 08:03:18,7.375
2025-05-08 08:04:24,7.625
2025-05-08 08:05:30,7.6875
2025-05-08 08:06:35,7.875
2025-05-08 08:07:41,7.8125
2025-05-08 08:08:47,7.875
2025-05-08 08:09:53,7.875
2025-05-08 08:10:58,8.0625
2025-05-08 08:12:04,8.3125
2025-05-08 08:13:10,8.25
2025-05-08 08:14:16,8.125
2025-05-08 08:15:22,8.375
2025-05-08 08:16:28,8.375
2025-05-08 08:17:33,8.5625
2025-05-08 08:18:39,8.5625
2025-05-08 08:19:45,8.6875
2025-05-08 08:20:51,8.8125
2025-05-08 08:21:56,8.875
2025-05-08 08:23:02,8.875
2025-05-08 08:24:08,8.9375
2025-05-08 08:25:14,9.0625
2025-05-08 08:26:19,9.0625
2025-05-08 08:27:25,9.125
2025-05-08 08:28:31,9.25
2025-05-08 08:29:37,9.3125
2025-05-08 08:30:42,9.3125
2025-05-08 08:31:48,9.375
2025-05-08 08:32:54,9.3125
2025-05-08 08:34:00,9.4375
2025-05-08 08:35:06,9.5
2025-05-08 08:36:11,9.5
2025-05-08 08:37:17,9.625
2025-05-08 08:38:23,9.625
2025-05-08 08:39:29,9.8125
2025-05-08 08:40:34,9.75
2025-05-08 08:41:40,9.875
2025-05-08 08:42:46,9.875
2025-05-08 08:43:52,9.875
2025-05-08 08:44:58,9.9375
2025-05-08 08:46:03,9.9375
2025-05-08 08:47:09,9.9375
2025-05-08 08:48:15,10.0
2025-05-08 08:49:21,10.0625
2025-05-08 08:50:28,10.1875
2025-05-08 08:51:33,10.1875
2025-05-08 08:52:39,10.0
2025-05-08 08:53:45,10.25
2025-05-08 08:54:51,10.1875
2025-05-08 08:55:56,10.1875
2025-05-08 08:57:02,10.3125
2025-05-08 08:58:08,10.375
2025-05-08 08:59:14,10.25
2025-05-08 09:00:20,10.3125
2025-05-08 09:01:25,10.375
2025-05-08 09:02:31,10.4375
2025-05-08 09:03:37,10.4375
2025-05-08 09:04:43,10.5
2025-05-08 09:05:49,10.5
2025-05-08 09:06:55,10.75
2025-05-08 09:08:00,10.875
2025-05-08 09:09:06,10.9375
2025-05-08 09:10:12,10.9375
2025-05-08 09:11:18,11.0
2025-05-08 09:12:23,11.125
2025-05-08 09:13:29,11.1875
2025-05-08 09:14:35,11.125
2025-05-08 09:15:41,11.0625
2025-05-08 09:16:47,11.1875
2025-05-08 09:17:53,11.125
2025-05-08 09:18:58,11.1875
2025-05-08 09:20:04,11.4375
2025-05-08 09:21:10,11.4375
2025-05-08 09:22:16,11.5625
2025-05-08 09:23:21,11.5
2025-05-08 09:24:27,11.6875
2025-05-08 09:25:33,11.625
2025-05-08 09:26:39,11.6875
2025-05-08 09:27:45,11.875
2025-05-08 09:28:50,12.125
2025-05-08 09:29:56,12.5
2025-05-08 09:31:02,12.25
2025-05-08 09:32:08,12.1875
2025-05-08 09:33:14,12.0625
2025-05-08 09:34:19,12.0625
2025-05-08 09:35:25,12.25
2025-05-08 09:36:31,12.125
2025-05-08 09:37:37,12.25
2025-05-08 09:38:42,12.3125
2025-05-08 09:39:48,12.4375
2025-05-08 09:40:54,12.5625
2025-05-08 09:42:00,12.5
2025-05-08 09:43:06,12.5
2025-05-08 09:44:11,12.5
2025-05-08 09:45:17,12.5
2025-05-08 09:46:23,12.5625
2025-05-08 09:47:29,12.5625
2025-05-08 09:48:34,12.625
2025-05-08 09:49:40,12.75
2025-05-08 09:50:46,12.8125
2025-05-08 09:51:52,13.0
2025-05-08 09:52:57,12.9375
2025-05-08 09:54:03,12.875
2025-05-08 09:55:09,13.125
2025-05-08 09:56:15,13.0
2025-05-08 09:57:20,12.8125
2025-05-08 09:58:26,13.125
2025-05-08 09:59:32,12.875
2025-05-08 10:00:38,12.8125
2025-05-08 10:01:44,12.9375
2025-05-08 10:02:49,12.875
2025-05-08 10:03:55,12.875
2025-05-08 10:05:01,12.9375
2025-05-08 10:06:07,13.1875
2025-05-08 10:07:12,13.3125
2025-05-08 10:08:18,13.375
2025-05-08 10:09:24,13.3125
2025-05-08 10:10:30,13.375
2025-05-08 10:11:35,13.5625
2025-05-08 10:12:41,13.375
2025-05-08 10:13:47,13.375
2025-05-08 10:14:53,13.25
2025-05-08 10:15:59,13.375
2025-05-08 10:17:04,13.5
2025-05-08 10:18:10,13.5
2025-05-08 10:19:16,13.6875
2025-05-08 10:20:22,13.8125
2025-05-08 10:21:28,13.6875
2025-05-08 10:22:34,13.8125
2025-05-08 10:23:39,13.875
2025-05-08 10:24:45,13.8125
2025-05-08 10:25:51,13.9375
2025-05-08 10:26:57,13.875
2025-05-08 10:28:03,13.625
2025-05-08 10:29:08,13.5625
2025-05-08 10:30:14,13.8125
2025-05-08 10:31:20,13.6875
2025-05-08 10:32:26,13.625
2025-05-08 10:33:32,13.5625
2025-05-08 10:34:37,13.75
2025-05-08 10:35:43,13.5
2025-05-08 10:36:49,13.625
2025-05-08 10:37:55,13.6875
2025-05-08 10:39:01,13.75
2025-05-08 10:40:06,13.75
2025-05-08 10:41:12,13.8125
2025-05-08 10:42:18,13.8125
2025-05-08 10:43:24,13.75
2025-05-08 10:44:29,13.625
2025-05-08 10:45:35,13.6875
2025-05-08 10:46:41,13.6875
2025-05-08 10:47:47,13.75
2025-05-08 10:48:53,13.75
2025-05-08 10:49:58,13.6875
2025-05-08 10:51:04,13.5
2025-05-08 10:52:10,13.6875
2025-05-08 10:53:16,13.875
2025-05-08 10:54:22,14.0625
2025-05-08 10:55:27,14.1875
2025-05-08 10:56:33,14.375
2025-05-08 10:57:39,14.5625
2025-05-08 10:58:45,14.4375
2025-05-08 10:59:51,14.5
2025-05-08 11:00:56,14.375
2025-05-08 11:02:02,14.125
2025-05-08 11:03:08,14.0
2025-05-08 11:04:14,14.1875
2025-05-08 11:05:20,14.5
2025-05-08 11:06:25,14.625
2025-05-08 11:07:31,14.5625
2025-05-08 11:08:37,14.25
2025-05-08 11:09:43,14.125
2025-05-08 11:10:48,14.5
2025-05-08 11:11:54,14.6875
2025-05-08 11:13:00,14.75
2025-05-08 11:14:06,14.5625
2025-05-08 11:15:12,14.4375
2025-05-08 11:16:18,14.6875
2025-05-08 11:17:23,14.375
2025-05-08 11:18:29,14.6875
2025-05-08 11:19:35,14.9375
2025-05-08 11:20:41,14.9375
2025-05-08 11:21:46,15.1875
2025-05-08 11:22:52,15.0625
2025-05-08 11:23:58,15.125
2025-05-08 11:25:04,15.0
2025-05-08 11:26:10,15.3125
2025-05-08 11:27:15,15.625
2025-05-08 11:28:21,15.5
2025-05-08 11:29:27,15.6875
2025-05-08 11:30:32,15.5
2025-05-08 11:31:38,15.5625
2025-05-08 11:32:44,15.5625
2025-05-08 11:33:50,15.8125
2025-05-08 11:34:56,15.9375
2025-05-08 11:36:01,15.9375
2025-05-08 11:37:07,15.75
2025-05-08 11:38:13,16.0
2025-05-08 11:39:19,16.125
2025-05-08 11:40:25,16.3125
2025-05-08 11:41:30,16.125
2025-05-08 11:42:36,16.1875
2025-05-08 11:43:42,16.125
2025-05-08 11:44:48,15.8125
2025-05-08 11:45:54,16.125
2025-05-08 11:46:59,15.9375
2025-05-08 11:48:05,16.3125
2025-05-08 11:49:11,16.25
2025-05-08 11:50:17,16.1875
2025-05-08 11:51:23,16.25
2025-05-08 11:52:28,16.375
2025-05-08 11:53:34,16.25
2025-05-08 11:54:40,15.875
2025-05-08 11:55:46,16.25
2025-05-08 11:56:51,16.0625
2025-05-08 11:57:57,15.75
2025-05-08 11:59:03,15.75
2025-05-08 12:00:09,16.0
2025-05-08 12:01:14,16.375
2025-05-08 12:02:20,16.1875
2025-05-08 12:03:26,15.625
2025-05-08 12:04:32,16.0
2025-05-08 12:05:38,15.9375
2025-05-08 12:06:43,15.9375
2025-05-08 12:07:49,15.625
2025-05-08 12:08:55,15.875
2025-05-08 12:10:01,15.9375
2025-05-08 12:11:07,16.0625
2025-05-08 12:12:12,15.9375
2025-05-08 12:13:18,15.5
2025-05-08 12:14:24,15.875
2025-05-08 12:15:30,15.875
2025-05-08 12:16:36,15.5
2025-05-08 12:17:42,15.625
2025-05-08 12:18:47,15.5
2025-05-08 12:19:53,15.5
2025-05-08 12:20:59,16.0
2025-05-08 12:22:05,16.0
2025-05-08 12:23:10,15.9375
2025-05-08 12:24:16,15.8125
2025-05-08 12:25:22,15.6875
2025-05-08 12:26:28,15.5625
2025-05-08 12:27:34,15.75
2025-05-08 12:28:39,15.625
2025-05-08 12:29:45,15.75
2025-05-08 12:30:51,15.8125
2025-05-08 12:31:57,15.5625
2025-05-08 12:33:03,15.4375
2025-05-08 12:34:08,15.625
2025-05-08 12:35:14,15.0
2025-05-08 12:36:20,15.0625
2025-05-08 12:37:26,15.0
2025-05-08 12:38:31,15.0
2025-05-08 12:39:37,15.3125
2025-05-08 12:40:43,15.5
2025-05-08 12:41:49,15.4375
2025-05-08 12:42:55,15.625
2025-05-08 12:44:01,15.625
2025-05-08 12:45:06,15.6875
2025-05-08 12:46:12,15.5625
2025-05-08 12:47:18,15.3125
2025-05-08 12:48:24,15.25
2025-05-08 12:49:30,15.375
2025-05-08 12:50:36,15.5
2025-05-08 12:51:41,14.9375
2025-05-08 12:52:47,14.9375
2025-05-08 12:53:53,15.25
2025-05-08 12:54:59,15.0
2025-05-08 12:56:04,15.375
2025-05-08 12:57:10,15.5
2025-05-08 12:58:16,16.5
2025-05-08 12:59:22,18.1875
2025-05-08 13:00:28,17.6875
2025-05-08 13:01:33,16.5625
2025-05-08 13:02:39,15.875
2025-05-08 13:03:45,15.625
2025-05-08 13:04:51,15.6875
2025-05-08 13:05:57,15.8125
2025-05-08 13:07:02,15.5625
2025-05-08 13:08:08,15.625
2025-05-08 13:09:14,15.5
2025-05-08 13:10:20,15.25
2025-05-08 13:11:26,15.4375
2025-05-08 13:12:31,15.625
2025-05-08 13:13:37,15.5
2025-05-08 13:14:43,15.375
2025-05-08 13:15:49,15.4375
2025-05-08 13:16:55,15.3125
2025-05-08 13:18:00,15.5
2025-05-08 13:19:06,15.375
2025-05-08 13:20:12,15.5
2025-05-08 13:21:18,15.3125
2025-05-08 13:22:24,15.0
2025-05-08 13:23:29,15.25
2025-05-08 13:24:35,15.4375
2025-05-08 13:25:41,15.1875
2025-05-08 13:26:47,15.4375
2025-05-08 13:27:53,15.5
2025-05-08 13:28:58,15.3125
2025-05-08 13:30:04,15.5625
2025-05-08 13:31:10,15.625
2025-05-08 13:32:16,15.5625
2025-05-08 13:33:21,15.625
2025-05-08 13:34:27,15.75
2025-05-08 13:35:33,15.6875
2025-05-08 13:36:39,15.625
2025-05-08 13:37:44,15.75
2025-05-08 13:38:50,15.75
2025-05-08 13:39:56,15.625
2025-05-08 13:41:02,15.3125
2025-05-08 13:42:08,15.4375
2025-05-08 13:43:13,15.5625
2025-05-08 13:44:19,15.625
2025-05-08 13:45:25,15.625
2025-05-08 13:46:31,15.75
2025-05-08 13:47:37,15.8125
2025-05-08 13:48:42,15.8125
2025-05-08 13:49:48,15.625
2025-05-08 13:50:54,15.8125
2025-05-08 13:52:00,15.9375
2025-05-08 13:53:06,15.625
2025-05-08 13:54:11,15.9375
2025-05-08 13:55:17,15.9375
2025-05-08 13:56:23,15.6875
2025-05-08 13:57:29,15.375
2025-05-08 13:58:34,15.6875
2025-05-08 13:59:40,15.8125
2025-05-08 14:00:46,15.9375
2025-05-08 14:01:52,15.5625
2025-05-08 14:02:58,15.75
2025-05-08 14:04:03,15.6875
2025-05-08 14:05:09,15.0
2025-05-08 14:06:15,15.3125
2025-05-08 14:07:21,15.5625
2025-05-08 14:08:26,15.875
2025-05-08 14:09:32,15.6875
2025-05-08 14:10:38,15.875
2025-05-08 14:11:44,15.375
2025-05-08 14:12:50,15.75
2025-05-08 14:13:56,15.4375
2025-05-08 14:15:01,15.6875
2025-05-08 14:16:07,15.6875
2025-05-08 14:17:13,15.5625
2025-05-08 14:18:19,15.1875
2025-05-08 14:19:24,15.3125
2025-05-08 14:20:30,15.1875
2025-05-08 14:21:36,15.25
2025-05-08 14:22:42,15.375
2025-05-08 14:23:48,15.375
2025-05-08 14:24:53,15.0
2025-05-08 14:25:59,15.1875
2025-05-08 14:27:05,14.875
2025-05-08 14:28:11,14.75
2025-05-08 14:29:16,14.9375
2025-05-08 14:30:22,15.3125
2025-05-08 14:31:28,14.875
2025-05-08 14:32:34,15.25
2025-05-08 14:33:40,15.25
2025-05-08 14:34:45,15.375
2025-05-08 14:35:51,15.0625
2025-05-08 14:36:57,15.125
2025-05-08 14:38:03,15.375
2025-05-08 14:39:08,15.3125
2025-05-08 14:40:14,15.125
2025-05-08 14:41:20,15.25
2025-05-08 14:42:26,15.1875
2025-05-08 14:43:32,15.3125
2025-05-08 14:44:37,15.1875
2025-05-08 14:45:43,15.125
2025-05-08 14:46:49,15.25
2025-05-08 14:47:55,15.25
2025-05-08 14:49:01,15.3125
2025-05-08 14:50:06,14.8125
2025-05-08 14:51:12,14.6875
2025-05-08 14:52:18,15.0625
2025-05-08 14:53:24,15.0
2025-05-08 14:54:30,15.0
2025-05-08 14:55:36,15.0625
2025-05-08 14:56:41,15.25
2025-05-08 14:57:47,15.5
2025-05-08 14:58:53,15.25
2025-05-08 14:59:59,15.125
2025-05-08 15:01:04,15.1875
2025-05-08 15:02:10,15.4375
2025-05-08 15:03:16,15.5
2025-05-08 15:04:22,15.125
2025-05-08 15:05:28,15.375
2025-05-08 15:06:34,15.1875
2025-05-08 15:07:39,15.25
2025-05-08 15:08:45,15.375
2025-05-08 15:09:51,15.4375
2025-05-08 15:10:57,15.4375
2025-05-08 15:12:03,15.25
2025-05-08 15:13:08,15.625
2025-05-08 15:14:14,15.0625
2025-05-08 15:15:20,15.3125
2025-05-08 15:16:26,15.125
2025-05-08 15:17:32,14.9375
2025-05-08 15:18:37,14.875
2025-05-08 15:19:43,15.0625
2025-05-08 15:20:49,15.0625
2025-05-08 15:21:55,15.3125
2025-05-08 15:23:01,15.625
2025-05-08 15:24:06,15.5625
2025-05-08 15:25:12,15.5
2025-05-08 15:26:18,15.125
2025-05-08 15:27:24,15.25
2025-05-08 15:28:30,15.375
2025-05-08 15:29:36,15.25
2025-05-08 15:30:42,15.1875
2025-05-08 15:31:47,15.0625
2025-05-08 15:32:53,15.0625
2025-05-08 15:33:59,15.125
2025-05-08 15:35:05,15.1875
2025-05-08 15:36:11,15.25
2025-05-08 15:37:16,15.0625
2025-05-08 15:38:22,15.0625
2025-05-08 15:39:28,15.125
2025-05-08 15:40:34,14.9375
2025-05-08 15:41:40,15.0
2025-05-08 15:42:45,15.1875
2025-05-08 15:43:51,15.125
2025-05-08 15:44:57,15.125
2025-05-08 15:46:03,15.125
2025-05-08 15:47:09,15.25
2025-05-08 15:48:14,15.0625
2025-05-08 15:49:20,15.0
2025-05-08 15:50:26,15.1875
2025-05-08 15:51:32,15.125
2025-05-08 15:52:38,14.8125
2025-05-08 15:53:43,14.75
2025-05-08 15:54:49,14.6875
2025-05-08 15:55:55,14.9375
2025-05-08 15:57:01,15.0
2025-05-08 15:58:07,14.6875
2025-05-08 15:59:13,14.875
2025-05-08 16:00:18,15.0625
2025-05-08 16:01:24,15.0
2025-05-08 16:02:30,15.4375
2025-05-08 16:03:36,14.875
2025-05-08 16:04:41,14.875
2025-05-08 16:05:47,15.1875
2025-05-08 16:06:53,14.9375
2025-05-08 16:07:58,15.0
2025-05-08 16:09:04,15.0
2025-05-08 16:10:10,14.625
2025-05-08 16:11:16,14.375
2025-05-08 16:12:22,14.875
2025-05-08 16:13:27,14.625
2025-05-08 16:14:33,14.5
2025-05-08 16:15:39,14.4375
2025-05-08 16:16:45,14.75
2025-05-08 16:17:50,14.8125
2025-05-08 16:18:56,14.875
2025-05-08 16:20:02,15.0625
2025-05-08 16:21:08,15.0625
2025-05-08 16:22:13,14.75
2025-05-08 16:23:19,14.8125
2025-05-08 16:24:25,14.6875
2025-05-08 16:25:31,14.875
2025-05-08 16:26:37,14.9375
2025-05-08 16:27:43,14.875
2025-05-08 16:28:48,14.75
2025-05-08 16:29:54,14.6875
2025-05-08 16:31:00,14.6875
2025-05-08 16:32:06,14.5
2025-05-08 16:33:12,14.625
2025-05-08 16:34:18,14.25
2025-05-08 16:35:23,14.375
2025-05-08 16:36:29,14.1875
2025-05-08 16:37:35,14.1875
2025-05-08 16:38:41,14.25
2025-05-08 16:39:46,14.3125
2025-05-08 16:40:52,14.4375
2025-05-08 16:41:58,14.5
2025-05-08 16:43:04,14.4375
2025-05-08 16:44:10,14.25
2025-05-08 16:45:15,14.5625
2025-05-08 16:46:21,14.5
2025-05-08 16:47:27,14.4375
2025-05-08 16:48:33,14.5
2025-05-08 16:49:39,14.375
2025-05-08 16:50:44,14.625
2025-05-08 16:51:50,14.4375
2025-05-08 16:52:56,14.3125
2025-05-08 16:54:02,14.3125
2025-05-08 16:55:08,14.25
2025-05-08 16:56:14,14.375
2025-05-08 16:57:19,14.5
2025-05-08 16:58:25,14.5625
2025-05-08 16:59:31,14.5625
2025-05-08 17:00:37,14.4375
2025-05-08 17:01:43,14.25
2025-05-08 17:02:48,14.25
2025-05-08 17:03:54,14.25
2025-05-08 17:05:00,14.3125
2025-05-08 17:06:06,14.125
2025-05-08 17:07:12,14.375
2025-05-08 17:08:17,14.5
2025-05-08 17:09:23,14.375
2025-05-08 17:10:29,14.5
2025-05-08 17:11:35,14.4375
2025-05-08 17:12:41,14.25
2025-05-08 17:13:47,14.1875
2025-05-08 17:14:52,14.375
2025-05-08 17:15:58,14.1875
2025-05-08 17:17:04,14.3125
2025-05-08 17:18:10,14.375
2025-05-08 17:19:15,14.4375
2025-05-08 17:20:21,14.4375
2025-05-08 17:21:27,14.25
2025-05-08 17:22:33,14.375
2025-05-08 17:23:38,14.3125
2025-05-08 17:24:44,14.375
2025-05-08 17:25:50,14.1875
2025-05-08 17:26:56,14.0625
2025-05-08 17:28:02,14.0
2025-05-08 17:29:08,14.25
2025-05-08 17:30:13,14.1875
2025-05-08 17:31:19,14.25
2025-05-08 17:32:25,13.9375
2025-05-08 17:33:31,14.125
2025-05-08 17:34:37,14.3125
2025-05-08 17:35:42,14.25
2025-05-08 17:36:48,14.375
2025-05-08 17:37:54,14.3125
2025-05-08 17:39:00,14.25
2025-05-08 17:40:06,14.1875
2025-05-08 17:41:11,14.0625
2025-05-08 17:42:17,14.1875
2025-05-08 17:43:23,14.0
2025-05-08 17:44:29,14.125
2025-05-08 17:45:34,14.0
2025-05-08 17:46:40,14.1875
2025-05-08 17:47:46,14.0625
2025-05-08 17:48:52,13.9375
2025-05-08 17:49:58,13.8125
2025-05-08 17:51:04,14.0
2025-05-08 17:52:09,14.125
2025-05-08 17:53:15,14.125
2025-05-08 17:54:21,13.9375
2025-05-08 17:55:27,14.125
2025-05-08 17:56:33,14.1875
2025-05-08 17:57:38,14.0625
2025-05-08 17:58:44,14.125
2025-05-08 17:59:50,14.25
2025-05-08 18:00:56,13.9375
2025-05-08 18:02:02,13.75
2025-05-08 18:03:07,13.6875
2025-05-08 18:04:13,13.875
2025-05-08 18:05:19,13.9375
